1,NAGOYA BURGER 名駅店,,名古屋老舗のお店。老舗の味をご堪能ください。,3000,4000,4500000,愛知県名古屋市中区栄X-XX-XX,10:00:00,20:00:00,50,2022-01-01 0:00:00,2022-01-01 0:00:00
2,Shanties,,名古屋老舗のお店。老舗の味をご堪能ください。,4000,5000,4500000,愛知県名古屋市中区栄X-XX-XX,13:00:00,23:00:00,60,2022-01-02 0:00:00,2022-01-02 0:00:00
3,割烹 柏木,,名古屋老舗のお店。老舗の味をご堪能ください。,2000,4000,4500000,愛知県名古屋市中区栄X-XX-XX,11:00:00,20:30:00,70,2022-01-03 0:00:00,2022-01-03 0:00:00
4,油そば専門店ブラブラ 半田店,,名古屋老舗のお店。老舗の味をご堪能ください。,5000,6000,4500000,愛知県名古屋市中区栄X-XX-XX,9:30:00,22:00:00,80,2022-01-04 0:00:00,2022-01-04 0:00:00
5,にく屋 浄心店,,名古屋老舗のお店。老舗の味をご堪能ください。,3000,4000,4500000,愛知県名古屋市中区栄X-XX-XX,13:00:00,23:00:00,90,2022-01-05 0:00:00,2022-01-05 0:00:00
6,TRED,,名古屋老舗のお店。老舗の味をご堪能ください。,4000,5000,4500000,愛知県名古屋市中区栄X-XX-XX,13:00:00,23:00:00,100,2022-01-06 0:00:00,2022-01-06 0:00:00
7,きんやま,,名古屋老舗のお店。老舗の味をご堪能ください。,2000,4000,4500000,愛知県名古屋市中区栄X-XX-XX,9:30:00,22:00:00,110,2022-01-07 0:00:00,2022-01-07 0:00:00
8,NAGOYA BURGER 名古屋店,,名古屋老舗のお店。老舗の味をご堪能ください。,5000,6000,4500000,愛知県名古屋市中区栄X-XX-XX,13:00:00,23:00:00,120,2022-01-08 0:00:00,2022-01-08 0:00:00
9,焼肉小山,,名古屋老舗のお店。老舗の味をご堪能ください。,3000,4000,4500000,愛知県名古屋市中区栄X-XX-XX,11:00:00,20:30:00,130,2022-01-09 0:00:00,2022-01-09 0:00:00
10,焼き鳥七輪 栄住吉店,,名古屋老舗のお店。老舗の味をご堪能ください。,4000,5000,4500000,愛知県名古屋市中区栄X-XX-XX,10:00:00,20:00:00,140,2022-01-10 0:00:00,2022-01-10 0:00:00
11,肉の庭,,名古屋老舗のお店。老舗の味をご堪能ください。,2000,4000,4500000,愛知県名古屋市中区栄X-XX-XX,9:30:00,22:00:00,150,2022-01-11 0:00:00,2022-01-11 0:00:00
12,CRAFT BEER NAGOYA2,,名古屋老舗のお店。老舗の味をご堪能ください。,5000,6000,4500000,愛知県名古屋市中区栄X-XX-XX,11:00:00,20:30:00,50,2022-01-12 0:00:00,2022-01-12 0:00:00
13,麺屋やしろ,,名古屋老舗のお店。老舗の味をご堪能ください。,3000,4000,4500000,愛知県名古屋市中区栄X-XX-XX,11:00:00,20:30:00,60,2022-01-13 0:00:00,2022-01-13 0:00:00
14,ハワイアンバーベキュー 名古屋店,,名古屋老舗のお店。老舗の味をご堪能ください。,4000,5000,4500000,愛知県名古屋市中区栄X-XX-XX,9:30:00,22:00:00,70,2022-01-14 0:00:00,2022-01-14 0:00:00
15,日本酒処 花雅,,名古屋老舗のお店。老舗の味をご堪能ください。,2000,4000,4500000,愛知県名古屋市中区栄X-XX-XX,11:00:00,20:30:00,80,2022-01-15 0:00:00,2022-01-15 0:00:00
16,なわ,,名古屋老舗のお店。老舗の味をご堪能ください。,5000,6000,4500000,愛知県名古屋市中区栄X-XX-XX,11:00:00,20:30:00,90,2022-01-16 0:00:00,2022-01-16 0:00:00
17,お酒とご飯,,名古屋老舗のお店。老舗の味をご堪能ください。,3000,4000,4500000,愛知県名古屋市中区栄X-XX-XX,10:00:00,20:00:00,100,2022-01-17 0:00:00,2022-01-17 0:00:00
18,焼肉SUKI 名古屋新幹線口店,,名古屋老舗のお店。老舗の味をご堪能ください。,4000,5000,4500000,愛知県名古屋市中区栄X-XX-XX,13:00:00,23:00:00,110,2022-01-18 0:00:00,2022-01-18 0:00:00
19,焼き鳥 はなれ,,名古屋老舗のお店。老舗の味をご堪能ください。,2000,4000,4500000,愛知県名古屋市中区栄X-XX-XX,13:00:00,23:00:00,120,2022-01-19 0:00:00,2022-01-19 0:00:00
20,割烹旬菜花,,名古屋老舗のお店。老舗の味をご堪能ください。,5000,6000,4500000,愛知県名古屋市中区栄X-XX-XX,11:00:00,20:30:00,130,2022-01-20 0:00:00,2022-01-20 0:00:00
21,ちゃんこ屋 あかね,,名古屋老舗のお店。老舗の味をご堪能ください。,3000,4000,4500000,愛知県名古屋市中区栄X-XX-XX,13:00:00,23:00:00,140,2022-01-21 0:00:00,2022-01-21 0:00:00
22,肉の庭半田店,,名古屋老舗のお店。老舗の味をご堪能ください。,4000,5000,4500000,愛知県名古屋市中区栄X-XX-XX,13:00:00,23:00:00,150,2022-01-22 0:00:00,2022-01-22 0:00:00
23,オーガニック食堂Sngi,,名古屋老舗のお店。老舗の味をご堪能ください。,2000,4000,4500000,愛知県名古屋市中区栄X-XX-XX,10:00:00,20:00:00,50,2022-01-23 0:00:00,2022-01-23 0:00:00
24,寿司 やなや,,名古屋老舗のお店。老舗の味をご堪能ください。,5000,6000,4500000,愛知県名古屋市中区栄X-XX-XX,11:00:00,20:30:00,60,2022-01-24 0:00:00,2022-01-24 0:00:00
25,ハワイアンバーベキュー 太田川店,,名古屋老舗のお店。老舗の味をご堪能ください。,3000,4000,4500000,愛知県名古屋市中区栄X-XX-XX,10:00:00,20:00:00,70,2022-01-25 0:00:00,2022-01-25 0:00:00
26,中華一番,,名古屋老舗のお店。老舗の味をご堪能ください。,4000,5000,4500000,愛知県名古屋市中区栄X-XX-XX,10:00:00,20:00:00,80,2022-01-26 0:00:00,2022-01-26 0:00:00
27,厚切りステーキとハンバーグ たはらや,,名古屋老舗のお店。老舗の味をご堪能ください。,2000,4000,4500000,愛知県名古屋市中区栄X-XX-XX,9:30:00,22:00:00,90,2022-01-27 0:00:00,2022-01-27 0:00:00
28,名古屋ラーメン 半田店,,名古屋老舗のお店。老舗の味をご堪能ください。,5000,6000,4500000,愛知県名古屋市中区栄X-XX-XX,13:00:00,23:00:00,100,2022-01-28 0:00:00,2022-01-28 0:00:00
29,炭火やきとり オマメ,,名古屋老舗のお店。老舗の味をご堪能ください。,3000,4000,4500000,愛知県名古屋市中区栄X-XX-XX,9:30:00,22:00:00,110,2022-01-29 0:00:00,2022-01-29 0:00:00
30,ラーメン 餃子 ひびき,,名古屋老舗のお店。老舗の味をご堪能ください。,4000,5000,4500000,愛知県名古屋市中区栄X-XX-XX,11:00:00,20:30:00,120,2022-01-30 0:00:00,2022-01-30 0:00:00
31,つけ麺MENMARU,,名古屋老舗のお店。老舗の味をご堪能ください。,2000,4000,4500000,愛知県名古屋市中区栄X-XX-XX,9:30:00,22:00:00,130,2022-01-31 0:00:00,2022-01-31 0:00:00
32,でろ助 金山店,,名古屋老舗のお店。老舗の味をご堪能ください。,5000,6000,4500000,愛知県名古屋市中区栄X-XX-XX,13:00:00,23:00:00,140,2022-02-01 0:00:00,2022-02-01 0:00:00
33,はらみ専門店 七輪屋,,名古屋老舗のお店。老舗の味をご堪能ください。,3000,4000,4500000,愛知県名古屋市中区栄X-XX-XX,10:00:00,20:00:00,150,2022-02-02 0:00:00,2022-02-02 0:00:00
34,かどや本店 JR名古屋駅店,,名古屋老舗のお店。老舗の味をご堪能ください。,4000,5000,4500000,愛知県名古屋市中区栄X-XX-XX,10:00:00,20:00:00,50,2022-02-03 0:00:00,2022-02-03 0:00:00
35,手打ちそば 子石,,名古屋老舗のお店。老舗の味をご堪能ください。,2000,4000,4500000,愛知県名古屋市中区栄X-XX-XX,13:00:00,23:00:00,60,2022-02-04 0:00:00,2022-02-04 0:00:00
36,焼肉 カウカウ,,名古屋老舗のお店。老舗の味をご堪能ください。,5000,6000,4500000,愛知県名古屋市中区栄X-XX-XX,11:00:00,20:30:00,70,2022-02-05 0:00:00,2022-02-05 0:00:00
37,すし徳,,名古屋老舗のお店。老舗の味をご堪能ください。,3000,4000,4500000,愛知県名古屋市中区栄X-XX-XX,9:30:00,22:00:00,80,2022-02-06 0:00:00,2022-02-06 0:00:00
38,手打ちそば 中石,,名古屋老舗のお店。老舗の味をご堪能ください。,4000,5000,4500000,愛知県名古屋市中区栄X-XX-XX,9:30:00,22:00:00,90,2022-02-07 0:00:00,2022-02-07 0:00:00
39,麺屋しろ,,名古屋老舗のお店。老舗の味をご堪能ください。,2000,4000,4500000,愛知県名古屋市中区栄X-XX-XX,13:00:00,23:00:00,100,2022-02-08 0:00:00,2022-02-08 0:00:00
40,焼肉SUKI 阿久比店,,名古屋老舗のお店。老舗の味をご堪能ください。,5000,6000,4500000,愛知県名古屋市中区栄X-XX-XX,9:30:00,22:00:00,110,2022-02-09 0:00:00,2022-02-09 0:00:00
41,炭火串焼コケッコ屋 大須店,,名古屋老舗のお店。老舗の味をご堪能ください。,3000,4000,4500000,愛知県名古屋市中区栄X-XX-XX,11:00:00,20:30:00,120,2022-02-10 0:00:00,2022-02-10 0:00:00
42,晴々久,,名古屋老舗のお店。老舗の味をご堪能ください。,4000,5000,4500000,愛知県名古屋市中区栄X-XX-XX,11:00:00,20:30:00,130,2022-02-11 0:00:00,2022-02-11 0:00:00
43,おはんざい,,名古屋老舗のお店。老舗の味をご堪能ください。,2000,4000,4500000,愛知県名古屋市中区栄X-XX-XX,11:00:00,20:30:00,140,2022-02-12 0:00:00,2022-02-12 0:00:00
44,名古屋お好み焼き,,名古屋老舗のお店。老舗の味をご堪能ください。,5000,6000,4500000,愛知県名古屋市中区栄X-XX-XX,10:00:00,20:00:00,150,2022-02-13 0:00:00,2022-02-13 0:00:00
45,油そば専門店ブラブラ 名古屋駅前店,,名古屋老舗のお店。老舗の味をご堪能ください。,3000,4000,4500000,愛知県名古屋市中区栄X-XX-XX,10:00:00,20:00:00,50,2022-02-14 0:00:00,2022-02-14 0:00:00
46,まるまる飯,,名古屋老舗のお店。老舗の味をご堪能ください。,4000,5000,4500000,愛知県名古屋市中区栄X-XX-XX,13:00:00,23:00:00,60,2022-02-15 0:00:00,2022-02-15 0:00:00
47,焼き鳥七輪 太田川店,,名古屋老舗のお店。老舗の味をご堪能ください。,2000,4000,4500000,愛知県名古屋市中区栄X-XX-XX,13:00:00,23:00:00,70,2022-02-16 0:00:00,2022-02-16 0:00:00
48,新みくじ,,名古屋老舗のお店。老舗の味をご堪能ください。,5000,6000,4500000,愛知県名古屋市中区栄X-XX-XX,13:00:00,23:00:00,80,2022-02-17 0:00:00,2022-02-17 0:00:00
49,溝口,,名古屋老舗のお店。老舗の味をご堪能ください。,3000,4000,4500000,愛知県名古屋市中区栄X-XX-XX,9:30:00,22:00:00,90,2022-02-18 0:00:00,2022-02-18 0:00:00
50,KOTABUKI,,名古屋老舗のお店。老舗の味をご堪能ください。,4000,5000,4500000,愛知県名古屋市中区栄X-XX-XX,13:00:00,23:00:00,100,2022-02-19 0:00:00,2022-02-19 0:00:00
51,カジュアルてっぱん焼き,,名古屋老舗のお店。老舗の味をご堪能ください。,2000,4000,4500000,愛知県名古屋市中区栄X-XX-XX,9:30:00,22:00:00,110,2022-02-20 0:00:00,2022-02-20 0:00:00
52,ひこぞう,,名古屋老舗のお店。老舗の味をご堪能ください。,5000,6000,4500000,愛知県名古屋市中区栄X-XX-XX,10:00:00,20:00:00,120,2022-02-21 0:00:00,2022-02-21 0:00:00
53,キッチンマルポワ,,名古屋老舗のお店。老舗の味をご堪能ください。,3000,4000,4500000,愛知県名古屋市中区栄X-XX-XX,11:00:00,20:30:00,130,2022-02-22 0:00:00,2022-02-22 0:00:00
54,魚と野菜と酒,,名古屋老舗のお店。老舗の味をご堪能ください。,4000,5000,4500000,愛知県名古屋市中区栄X-XX-XX,9:30:00,22:00:00,140,2022-02-23 0:00:00,2022-02-23 0:00:00
55,麺屋名古屋 名古屋金山店,,名古屋老舗のお店。老舗の味をご堪能ください。,2000,4000,4500000,愛知県名古屋市中区栄X-XX-XX,9:30:00,22:00:00,150,2022-02-24 0:00:00,2022-02-24 0:00:00
56,やきにく 加藤,,名古屋老舗のお店。老舗の味をご堪能ください。,5000,6000,4500000,愛知県名古屋市中区栄X-XX-XX,10:00:00,20:00:00,50,2022-02-25 0:00:00,2022-02-25 0:00:00
57,すし処みか,,名古屋老舗のお店。老舗の味をご堪能ください。,3000,4000,4500000,愛知県名古屋市中区栄X-XX-XX,11:00:00,20:30:00,60,2022-02-26 0:00:00,2022-02-26 0:00:00
58,炭火やきとり マメ,,名古屋老舗のお店。老舗の味をご堪能ください。,4000,5000,4500000,愛知県名古屋市中区栄X-XX-XX,11:00:00,20:30:00,70,2022-02-27 0:00:00,2022-02-27 0:00:00
59,上下月,,名古屋老舗のお店。老舗の味をご堪能ください。,2000,4000,4500000,愛知県名古屋市中区栄X-XX-XX,10:00:00,20:00:00,80,2022-02-28 0:00:00,2022-02-28 0:00:00
60,名古屋ラーメン 栄本店,,名古屋老舗のお店。老舗の味をご堪能ください。,5000,6000,4500000,愛知県名古屋市中区栄X-XX-XX,13:00:00,23:00:00,90,2022-03-01 0:00:00,2022-03-01 0:00:00
61,肉とホルモンの店 YAMI,,名古屋老舗のお店。老舗の味をご堪能ください。,3000,4000,4500000,愛知県名古屋市中区栄X-XX-XX,10:00:00,20:00:00,100,2022-03-02 0:00:00,2022-03-02 0:00:00
62,焼肉とホルモン焼き 新瑞橋店,,名古屋老舗のお店。老舗の味をご堪能ください。,4000,5000,4500000,愛知県名古屋市中区栄X-XX-XX,9:30:00,22:00:00,110,2022-03-03 0:00:00,2022-03-03 0:00:00
63,ニクサカバ,,名古屋老舗のお店。老舗の味をご堪能ください。,2000,4000,4500000,愛知県名古屋市中区栄X-XX-XX,11:00:00,20:30:00,120,2022-03-04 0:00:00,2022-03-04 0:00:00
64,よはく,,名古屋老舗のお店。老舗の味をご堪能ください。,5000,6000,4500000,愛知県名古屋市中区栄X-XX-XX,9:30:00,22:00:00,130,2022-03-05 0:00:00,2022-03-05 0:00:00
65,お酒とお肉,,名古屋老舗のお店。老舗の味をご堪能ください。,3000,4000,4500000,愛知県名古屋市中区栄X-XX-XX,10:00:00,20:00:00,140,2022-03-06 0:00:00,2022-03-06 0:00:00
66,和牛焼肉Wocca,,名古屋老舗のお店。老舗の味をご堪能ください。,4000,5000,4500000,愛知県名古屋市中区栄X-XX-XX,9:30:00,22:00:00,150,2022-03-07 0:00:00,2022-03-07 0:00:00
67,なかみどり,,名古屋老舗のお店。老舗の味をご堪能ください。,2000,4000,4500000,愛知県名古屋市中区栄X-XX-XX,10:00:00,20:00:00,50,2022-03-08 0:00:00,2022-03-08 0:00:00
68,けろ助 金山店,,名古屋老舗のお店。老舗の味をご堪能ください。,5000,6000,4500000,愛知県名古屋市中区栄X-XX-XX,9:30:00,22:00:00,60,2022-03-09 0:00:00,2022-03-09 0:00:00
69,魚と野菜と酒 じゃばらむ,,名古屋老舗のお店。老舗の味をご堪能ください。,3000,4000,4500000,愛知県名古屋市中区栄X-XX-XX,9:30:00,22:00:00,70,2022-03-10 0:00:00,2022-03-10 0:00:00
70,大衆焼肉酒場 ホルモン屋 栄店,,名古屋老舗のお店。老舗の味をご堪能ください。,4000,5000,4500000,愛知県名古屋市中区栄X-XX-XX,10:00:00,20:00:00,80,2022-03-11 0:00:00,2022-03-11 0:00:00
71,麺屋名古屋 半田店,,名古屋老舗のお店。老舗の味をご堪能ください。,2000,4000,4500000,愛知県名古屋市中区栄X-XX-XX,10:00:00,20:00:00,90,2022-03-12 0:00:00,2022-03-12 0:00:00
72,かつおか,,名古屋老舗のお店。老舗の味をご堪能ください。,5000,6000,4500000,愛知県名古屋市中区栄X-XX-XX,11:00:00,20:30:00,100,2022-03-13 0:00:00,2022-03-13 0:00:00
73,CRAFT BEER NAGOYA,,名古屋老舗のお店。老舗の味をご堪能ください。,3000,4000,4500000,愛知県名古屋市中区栄X-XX-XX,11:00:00,20:30:00,110,2022-03-14 0:00:00,2022-03-14 0:00:00
74,TRED2,,名古屋老舗のお店。老舗の味をご堪能ください。,4000,5000,4500000,愛知県名古屋市中区栄X-XX-XX,10:00:00,20:00:00,120,2022-03-15 0:00:00,2022-03-15 0:00:00
75,どんどん 名駅南一丁目,,名古屋老舗のお店。老舗の味をご堪能ください。,2000,4000,4500000,愛知県名古屋市中区栄X-XX-XX,9:30:00,22:00:00,130,2022-03-16 0:00:00,2022-03-16 0:00:00
76,二代目 康,,名古屋老舗のお店。老舗の味をご堪能ください。,5000,6000,4500000,愛知県名古屋市中区栄X-XX-XX,10:00:00,20:00:00,140,2022-03-17 0:00:00,2022-03-17 0:00:00
77,天ぷらとワインの大島,,名古屋老舗のお店。老舗の味をご堪能ください。,3000,4000,4500000,愛知県名古屋市中区栄X-XX-XX,13:00:00,23:00:00,150,2022-03-18 0:00:00,2022-03-18 0:00:00
78,すし処ゆか,,名古屋老舗のお店。老舗の味をご堪能ください。,4000,5000,4500000,愛知県名古屋市中区栄X-XX-XX,9:30:00,22:00:00,50,2022-03-19 0:00:00,2022-03-19 0:00:00
79,焼肉ボンバー,,名古屋老舗のお店。老舗の味をご堪能ください。,2000,4000,4500000,愛知県名古屋市中区栄X-XX-XX,13:00:00,23:00:00,60,2022-03-20 0:00:00,2022-03-20 0:00:00
80,やきにく 佐藤,,名古屋老舗のお店。老舗の味をご堪能ください。,5000,6000,4500000,愛知県名古屋市中区栄X-XX-XX,11:00:00,20:30:00,70,2022-03-21 0:00:00,2022-03-21 0:00:00
81,串カツ 今池店,,名古屋老舗のお店。老舗の味をご堪能ください。,3000,4000,4500000,愛知県名古屋市中区栄X-XX-XX,13:00:00,23:00:00,80,2022-03-22 0:00:00,2022-03-22 0:00:00
82,まつおか,,名古屋老舗のお店。老舗の味をご堪能ください。,4000,5000,4500000,愛知県名古屋市中区栄X-XX-XX,13:00:00,23:00:00,90,2022-03-23 0:00:00,2022-03-23 0:00:00
83,大衆焼肉酒場 ホルモン屋 半田店,,名古屋老舗のお店。老舗の味をご堪能ください。,2000,4000,4500000,愛知県名古屋市中区栄X-XX-XX,10:00:00,20:00:00,100,2022-03-24 0:00:00,2022-03-24 0:00:00
84,萬新軒,,名古屋老舗のお店。老舗の味をご堪能ください。,5000,6000,4500000,愛知県名古屋市中区栄X-XX-XX,13:00:00,23:00:00,110,2022-03-25 0:00:00,2022-03-25 0:00:00
85,ハワイアンバーベキュー ささしま太田川店,,名古屋老舗のお店。老舗の味をご堪能ください。,3000,4000,4500000,愛知県名古屋市中区栄X-XX-XX,10:00:00,20:00:00,120,2022-03-26 0:00:00,2022-03-26 0:00:00
86,焼き鳥 はな,,名古屋老舗のお店。老舗の味をご堪能ください。,4000,5000,4500000,愛知県名古屋市中区栄X-XX-XX,11:00:00,20:30:00,130,2022-03-27 0:00:00,2022-03-27 0:00:00
87,口々,,名古屋老舗のお店。老舗の味をご堪能ください。,2000,4000,4500000,愛知県名古屋市中区栄X-XX-XX,13:00:00,23:00:00,140,2022-03-28 0:00:00,2022-03-28 0:00:00
88,焼肉とホルモン 新瑞橋店,,名古屋老舗のお店。老舗の味をご堪能ください。,5000,6000,4500000,愛知県名古屋市中区栄X-XX-XX,9:30:00,22:00:00,150,2022-03-29 0:00:00,2022-03-29 0:00:00
89,上月,,名古屋老舗のお店。老舗の味をご堪能ください。,3000,4000,4500000,愛知県名古屋市中区栄X-XX-XX,9:30:00,22:00:00,50,2022-03-30 0:00:00,2022-03-30 0:00:00
90,オーガニック食堂Angi,,名古屋老舗のお店。老舗の味をご堪能ください。,4000,5000,4500000,愛知県名古屋市中区栄X-XX-XX,11:00:00,20:30:00,60,2022-03-31 0:00:00,2022-03-31 0:00:00
91,焼き鳥 せぶん,,名古屋老舗のお店。老舗の味をご堪能ください。,2000,4000,4500000,愛知県名古屋市中区栄X-XX-XX,13:00:00,23:00:00,70,2022-04-01 0:00:00,2022-04-01 0:00:00
92,キッチンマルポー,,名古屋老舗のお店。老舗の味をご堪能ください。,5000,6000,4500000,愛知県名古屋市中区栄X-XX-XX,10:00:00,20:00:00,80,2022-04-02 0:00:00,2022-04-02 0:00:00
93,ニクサカバ半田店,,名古屋老舗のお店。老舗の味をご堪能ください。,3000,4000,4500000,愛知県名古屋市中区栄X-XX-XX,11:00:00,20:30:00,90,2022-04-03 0:00:00,2022-04-03 0:00:00
94,ちょもらんま,,名古屋老舗のお店。老舗の味をご堪能ください。,4000,5000,4500000,愛知県名古屋市中区栄X-XX-XX,10:00:00,20:00:00,100,2022-04-04 0:00:00,2022-04-04 0:00:00
95,やきにく 山崎,,名古屋老舗のお店。老舗の味をご堪能ください。,2000,4000,4500000,愛知県名古屋市中区栄X-XX-XX,11:00:00,20:30:00,110,2022-04-05 0:00:00,2022-04-05 0:00:00
96,台湾ラーメン 田中 守山本店,,名古屋老舗のお店。老舗の味をご堪能ください。,5000,6000,4500000,愛知県名古屋市中区栄X-XX-XX,13:00:00,23:00:00,120,2022-04-06 0:00:00,2022-04-06 0:00:00
97,割烹 加藤,,名古屋老舗のお店。老舗の味をご堪能ください。,3000,4000,4500000,愛知県名古屋市中区栄X-XX-XX,9:30:00,22:00:00,130,2022-04-07 0:00:00,2022-04-07 0:00:00
98,ちょもちょもらんま,,名古屋老舗のお店。老舗の味をご堪能ください。,4000,5000,4500000,愛知県名古屋市中区栄X-XX-XX,11:00:00,20:30:00,140,2022-04-08 0:00:00,2022-04-08 0:00:00
99,炭火串焼コケッコ屋 半田店,,名古屋老舗のお店。老舗の味をご堪能ください。,2000,4000,4500000,愛知県名古屋市中区栄X-XX-XX,10:00:00,20:00:00,150,2022-04-09 0:00:00,2022-04-09 0:00:00
100,割烹旬菜,,名古屋老舗のお店。老舗の味をご堪能ください。,5000,6000,4500000,愛知県名古屋市中区栄X-XX-XX,9:30:00,22:00:00,50,2022-04-10 0:00:00,2022-04-10 0:00:00