1,名古屋では有名な格安で焼肉食べ放題のお店。タイミングよく仕事で行く機会があったので、地元の友人と一緒に来店しました。店内は広くゆったりとできます。,3,21,74,2024-01-01 0:00:00,2024-01-01 0:00:00
2,名古屋では有名な格安で焼肉食べ放題のお店。タイミングよく仕事で行く機会があったので、地元の友人と一緒に来店しました。店内は広くゆったりとできます。,1,66,48,2024-01-01 0:00:00,2024-01-01 0:00:00
3,名古屋では有名な格安で焼肉食べ放題のお店。タイミングよく仕事で行く機会があったので、地元の友人と一緒に来店しました。店内は広くゆったりとできます。,1,62,63,2024-01-01 0:00:00,2024-01-01 0:00:00
4,名古屋では有名な格安で焼肉食べ放題のお店。タイミングよく仕事で行く機会があったので、地元の友人と一緒に来店しました。店内は広くゆったりとできます。,3,78,25,2024-01-01 0:00:00,2024-01-01 0:00:00
5,名古屋では有名な格安で焼肉食べ放題のお店。タイミングよく仕事で行く機会があったので、地元の友人と一緒に来店しました。店内は広くゆったりとできます。,3,10,93,2024-01-01 0:00:00,2024-01-01 0:00:00
6,名古屋では有名な格安で焼肉食べ放題のお店。タイミングよく仕事で行く機会があったので、地元の友人と一緒に来店しました。店内は広くゆったりとできます。,3,42,51,2024-01-01 0:00:00,2024-01-01 0:00:00
7,名古屋では有名な格安で焼肉食べ放題のお店。タイミングよく仕事で行く機会があったので、地元の友人と一緒に来店しました。店内は広くゆったりとできます。,1,61,80,2024-01-01 0:00:00,2024-01-01 0:00:00
8,名古屋では有名な格安で焼肉食べ放題のお店。タイミングよく仕事で行く機会があったので、地元の友人と一緒に来店しました。店内は広くゆったりとできます。,1,1,56,2024-01-01 0:00:00,2024-01-01 0:00:00
9,名古屋では有名な格安で焼肉食べ放題のお店。タイミングよく仕事で行く機会があったので、地元の友人と一緒に来店しました。店内は広くゆったりとできます。,1,44,25,2024-01-01 0:00:00,2024-01-01 0:00:00
10,名古屋では有名な格安で焼肉食べ放題のお店。タイミングよく仕事で行く機会があったので、地元の友人と一緒に来店しました。店内は広くゆったりとできます。,3,32,45,2024-01-01 0:00:00,2024-01-01 0:00:00
11,名古屋では有名な格安で焼肉食べ放題のお店。タイミングよく仕事で行く機会があったので、地元の友人と一緒に来店しました。店内は広くゆったりとできます。,4,3,86,2024-01-01 0:00:00,2024-01-01 0:00:00
12,名古屋では有名な格安で焼肉食べ放題のお店。タイミングよく仕事で行く機会があったので、地元の友人と一緒に来店しました。店内は広くゆったりとできます。,1,95,39,2024-01-01 0:00:00,2024-01-01 0:00:00
13,名古屋では有名な格安で焼肉食べ放題のお店。タイミングよく仕事で行く機会があったので、地元の友人と一緒に来店しました。店内は広くゆったりとできます。,1,90,99,2024-01-01 0:00:00,2024-01-01 0:00:00
14,名古屋では有名な格安で焼肉食べ放題のお店。タイミングよく仕事で行く機会があったので、地元の友人と一緒に来店しました。店内は広くゆったりとできます。,4,52,79,2024-01-01 0:00:00,2024-01-01 0:00:00
15,名古屋では有名な格安で焼肉食べ放題のお店。タイミングよく仕事で行く機会があったので、地元の友人と一緒に来店しました。店内は広くゆったりとできます。,3,6,8,2024-01-01 0:00:00,2024-01-01 0:00:00
16,名古屋では有名な格安で焼肉食べ放題のお店。タイミングよく仕事で行く機会があったので、地元の友人と一緒に来店しました。店内は広くゆったりとできます。,1,82,71,2024-01-01 0:00:00,2024-01-01 0:00:00
17,名古屋では有名な格安で焼肉食べ放題のお店。タイミングよく仕事で行く機会があったので、地元の友人と一緒に来店しました。店内は広くゆったりとできます。,3,35,86,2024-01-01 0:00:00,2024-01-01 0:00:00
18,名古屋では有名な格安で焼肉食べ放題のお店。タイミングよく仕事で行く機会があったので、地元の友人と一緒に来店しました。店内は広くゆったりとできます。,4,68,43,2024-01-01 0:00:00,2024-01-01 0:00:00
19,名古屋では有名な格安で焼肉食べ放題のお店。タイミングよく仕事で行く機会があったので、地元の友人と一緒に来店しました。店内は広くゆったりとできます。,3,91,82,2024-01-01 0:00:00,2024-01-01 0:00:00
20,名古屋では有名な格安で焼肉食べ放題のお店。タイミングよく仕事で行く機会があったので、地元の友人と一緒に来店しました。店内は広くゆったりとできます。,4,76,86,2024-01-01 0:00:00,2024-01-01 0:00:00
21,名古屋では有名な格安で焼肉食べ放題のお店。タイミングよく仕事で行く機会があったので、地元の友人と一緒に来店しました。店内は広くゆったりとできます。,5,7,51,2024-01-01 0:00:00,2024-01-01 0:00:00
22,名古屋では有名な格安で焼肉食べ放題のお店。タイミングよく仕事で行く機会があったので、地元の友人と一緒に来店しました。店内は広くゆったりとできます。,1,33,51,2024-01-01 0:00:00,2024-01-01 0:00:00
23,名古屋では有名な格安で焼肉食べ放題のお店。タイミングよく仕事で行く機会があったので、地元の友人と一緒に来店しました。店内は広くゆったりとできます。,1,10,63,2024-01-01 0:00:00,2024-01-01 0:00:00
24,名古屋では有名な格安で焼肉食べ放題のお店。タイミングよく仕事で行く機会があったので、地元の友人と一緒に来店しました。店内は広くゆったりとできます。,5,68,78,2024-01-01 0:00:00,2024-01-01 0:00:00
25,名古屋では有名な格安で焼肉食べ放題のお店。タイミングよく仕事で行く機会があったので、地元の友人と一緒に来店しました。店内は広くゆったりとできます。,5,20,24,2024-01-01 0:00:00,2024-01-01 0:00:00
26,名古屋では有名な格安で焼肉食べ放題のお店。タイミングよく仕事で行く機会があったので、地元の友人と一緒に来店しました。店内は広くゆったりとできます。,4,93,21,2024-01-01 0:00:00,2024-01-01 0:00:00
27,名古屋では有名な格安で焼肉食べ放題のお店。タイミングよく仕事で行く機会があったので、地元の友人と一緒に来店しました。店内は広くゆったりとできます。,3,4,12,2024-01-01 0:00:00,2024-01-01 0:00:00
28,名古屋では有名な格安で焼肉食べ放題のお店。タイミングよく仕事で行く機会があったので、地元の友人と一緒に来店しました。店内は広くゆったりとできます。,4,48,38,2024-01-01 0:00:00,2024-01-01 0:00:00
29,名古屋では有名な格安で焼肉食べ放題のお店。タイミングよく仕事で行く機会があったので、地元の友人と一緒に来店しました。店内は広くゆったりとできます。,2,86,59,2024-01-01 0:00:00,2024-01-01 0:00:00
30,名古屋では有名な格安で焼肉食べ放題のお店。タイミングよく仕事で行く機会があったので、地元の友人と一緒に来店しました。店内は広くゆったりとできます。,5,95,81,2024-01-01 0:00:00,2024-01-01 0:00:00
31,名古屋では有名な格安で焼肉食べ放題のお店。タイミングよく仕事で行く機会があったので、地元の友人と一緒に来店しました。店内は広くゆったりとできます。,1,69,88,2024-01-01 0:00:00,2024-01-01 0:00:00
32,名古屋では有名な格安で焼肉食べ放題のお店。タイミングよく仕事で行く機会があったので、地元の友人と一緒に来店しました。店内は広くゆったりとできます。,5,79,75,2024-01-01 0:00:00,2024-01-01 0:00:00
33,名古屋では有名な格安で焼肉食べ放題のお店。タイミングよく仕事で行く機会があったので、地元の友人と一緒に来店しました。店内は広くゆったりとできます。,4,58,44,2024-01-01 0:00:00,2024-01-01 0:00:00
34,名古屋では有名な格安で焼肉食べ放題のお店。タイミングよく仕事で行く機会があったので、地元の友人と一緒に来店しました。店内は広くゆったりとできます。,1,77,54,2024-01-01 0:00:00,2024-01-01 0:00:00
35,名古屋では有名な格安で焼肉食べ放題のお店。タイミングよく仕事で行く機会があったので、地元の友人と一緒に来店しました。店内は広くゆったりとできます。,3,20,47,2024-01-01 0:00:00,2024-01-01 0:00:00
36,名古屋では有名な格安で焼肉食べ放題のお店。タイミングよく仕事で行く機会があったので、地元の友人と一緒に来店しました。店内は広くゆったりとできます。,2,34,57,2024-01-01 0:00:00,2024-01-01 0:00:00
37,名古屋では有名な格安で焼肉食べ放題のお店。タイミングよく仕事で行く機会があったので、地元の友人と一緒に来店しました。店内は広くゆったりとできます。,2,5,42,2024-01-01 0:00:00,2024-01-01 0:00:00
38,名古屋では有名な格安で焼肉食べ放題のお店。タイミングよく仕事で行く機会があったので、地元の友人と一緒に来店しました。店内は広くゆったりとできます。,1,51,28,2024-01-01 0:00:00,2024-01-01 0:00:00
39,名古屋では有名な格安で焼肉食べ放題のお店。タイミングよく仕事で行く機会があったので、地元の友人と一緒に来店しました。店内は広くゆったりとできます。,1,27,9,2024-01-01 0:00:00,2024-01-01 0:00:00
40,名古屋では有名な格安で焼肉食べ放題のお店。タイミングよく仕事で行く機会があったので、地元の友人と一緒に来店しました。店内は広くゆったりとできます。,1,12,3,2024-01-01 0:00:00,2024-01-01 0:00:00
41,名古屋では有名な格安で焼肉食べ放題のお店。タイミングよく仕事で行く機会があったので、地元の友人と一緒に来店しました。店内は広くゆったりとできます。,4,35,72,2024-01-01 0:00:00,2024-01-01 0:00:00
42,名古屋では有名な格安で焼肉食べ放題のお店。タイミングよく仕事で行く機会があったので、地元の友人と一緒に来店しました。店内は広くゆったりとできます。,2,4,10,2024-01-01 0:00:00,2024-01-01 0:00:00
43,名古屋では有名な格安で焼肉食べ放題のお店。タイミングよく仕事で行く機会があったので、地元の友人と一緒に来店しました。店内は広くゆったりとできます。,4,77,55,2024-01-01 0:00:00,2024-01-01 0:00:00
44,名古屋では有名な格安で焼肉食べ放題のお店。タイミングよく仕事で行く機会があったので、地元の友人と一緒に来店しました。店内は広くゆったりとできます。,2,40,70,2024-01-01 0:00:00,2024-01-01 0:00:00
45,名古屋では有名な格安で焼肉食べ放題のお店。タイミングよく仕事で行く機会があったので、地元の友人と一緒に来店しました。店内は広くゆったりとできます。,3,66,98,2024-01-01 0:00:00,2024-01-01 0:00:00
46,名古屋では有名な格安で焼肉食べ放題のお店。タイミングよく仕事で行く機会があったので、地元の友人と一緒に来店しました。店内は広くゆったりとできます。,3,92,90,2024-01-01 0:00:00,2024-01-01 0:00:00
47,名古屋では有名な格安で焼肉食べ放題のお店。タイミングよく仕事で行く機会があったので、地元の友人と一緒に来店しました。店内は広くゆったりとできます。,3,10,61,2024-01-01 0:00:00,2024-01-01 0:00:00
48,名古屋では有名な格安で焼肉食べ放題のお店。タイミングよく仕事で行く機会があったので、地元の友人と一緒に来店しました。店内は広くゆったりとできます。,2,44,20,2024-01-01 0:00:00,2024-01-01 0:00:00
49,名古屋では有名な格安で焼肉食べ放題のお店。タイミングよく仕事で行く機会があったので、地元の友人と一緒に来店しました。店内は広くゆったりとできます。,1,95,25,2024-01-01 0:00:00,2024-01-01 0:00:00
50,名古屋では有名な格安で焼肉食べ放題のお店。タイミングよく仕事で行く機会があったので、地元の友人と一緒に来店しました。店内は広くゆったりとできます。,4,97,10,2024-01-01 0:00:00,2024-01-01 0:00:00
51,名古屋では有名な格安で焼肉食べ放題のお店。タイミングよく仕事で行く機会があったので、地元の友人と一緒に来店しました。店内は広くゆったりとできます。,2,1,11,2024-01-01 0:00:00,2024-01-01 0:00:00
52,名古屋では有名な格安で焼肉食べ放題のお店。タイミングよく仕事で行く機会があったので、地元の友人と一緒に来店しました。店内は広くゆったりとできます。,4,98,66,2024-01-01 0:00:00,2024-01-01 0:00:00
53,名古屋では有名な格安で焼肉食べ放題のお店。タイミングよく仕事で行く機会があったので、地元の友人と一緒に来店しました。店内は広くゆったりとできます。,3,63,56,2024-01-01 0:00:00,2024-01-01 0:00:00
54,名古屋では有名な格安で焼肉食べ放題のお店。タイミングよく仕事で行く機会があったので、地元の友人と一緒に来店しました。店内は広くゆったりとできます。,3,55,2,2024-01-01 0:00:00,2024-01-01 0:00:00
55,名古屋では有名な格安で焼肉食べ放題のお店。タイミングよく仕事で行く機会があったので、地元の友人と一緒に来店しました。店内は広くゆったりとできます。,4,21,2,2024-01-01 0:00:00,2024-01-01 0:00:00
56,名古屋では有名な格安で焼肉食べ放題のお店。タイミングよく仕事で行く機会があったので、地元の友人と一緒に来店しました。店内は広くゆったりとできます。,4,52,45,2024-01-01 0:00:00,2024-01-01 0:00:00
57,名古屋では有名な格安で焼肉食べ放題のお店。タイミングよく仕事で行く機会があったので、地元の友人と一緒に来店しました。店内は広くゆったりとできます。,5,31,59,2024-01-01 0:00:00,2024-01-01 0:00:00
58,名古屋では有名な格安で焼肉食べ放題のお店。タイミングよく仕事で行く機会があったので、地元の友人と一緒に来店しました。店内は広くゆったりとできます。,1,40,89,2024-01-01 0:00:00,2024-01-01 0:00:00
59,名古屋では有名な格安で焼肉食べ放題のお店。タイミングよく仕事で行く機会があったので、地元の友人と一緒に来店しました。店内は広くゆったりとできます。,4,14,9,2024-01-01 0:00:00,2024-01-01 0:00:00
60,名古屋では有名な格安で焼肉食べ放題のお店。タイミングよく仕事で行く機会があったので、地元の友人と一緒に来店しました。店内は広くゆったりとできます。,3,15,52,2024-01-01 0:00:00,2024-01-01 0:00:00
61,名古屋では有名な格安で焼肉食べ放題のお店。タイミングよく仕事で行く機会があったので、地元の友人と一緒に来店しました。店内は広くゆったりとできます。,4,26,27,2024-01-01 0:00:00,2024-01-01 0:00:00
62,名古屋では有名な格安で焼肉食べ放題のお店。タイミングよく仕事で行く機会があったので、地元の友人と一緒に来店しました。店内は広くゆったりとできます。,4,24,15,2024-01-01 0:00:00,2024-01-01 0:00:00
63,名古屋では有名な格安で焼肉食べ放題のお店。タイミングよく仕事で行く機会があったので、地元の友人と一緒に来店しました。店内は広くゆったりとできます。,1,16,57,2024-01-01 0:00:00,2024-01-01 0:00:00
64,名古屋では有名な格安で焼肉食べ放題のお店。タイミングよく仕事で行く機会があったので、地元の友人と一緒に来店しました。店内は広くゆったりとできます。,3,4,25,2024-01-01 0:00:00,2024-01-01 0:00:00
65,名古屋では有名な格安で焼肉食べ放題のお店。タイミングよく仕事で行く機会があったので、地元の友人と一緒に来店しました。店内は広くゆったりとできます。,2,52,59,2024-01-01 0:00:00,2024-01-01 0:00:00
66,名古屋では有名な格安で焼肉食べ放題のお店。タイミングよく仕事で行く機会があったので、地元の友人と一緒に来店しました。店内は広くゆったりとできます。,3,29,26,2024-01-01 0:00:00,2024-01-01 0:00:00
67,名古屋では有名な格安で焼肉食べ放題のお店。タイミングよく仕事で行く機会があったので、地元の友人と一緒に来店しました。店内は広くゆったりとできます。,3,71,97,2024-01-01 0:00:00,2024-01-01 0:00:00
68,名古屋では有名な格安で焼肉食べ放題のお店。タイミングよく仕事で行く機会があったので、地元の友人と一緒に来店しました。店内は広くゆったりとできます。,1,28,93,2024-01-01 0:00:00,2024-01-01 0:00:00
69,名古屋では有名な格安で焼肉食べ放題のお店。タイミングよく仕事で行く機会があったので、地元の友人と一緒に来店しました。店内は広くゆったりとできます。,4,20,6,2024-01-01 0:00:00,2024-01-01 0:00:00
70,名古屋では有名な格安で焼肉食べ放題のお店。タイミングよく仕事で行く機会があったので、地元の友人と一緒に来店しました。店内は広くゆったりとできます。,2,49,96,2024-01-01 0:00:00,2024-01-01 0:00:00
71,名古屋では有名な格安で焼肉食べ放題のお店。タイミングよく仕事で行く機会があったので、地元の友人と一緒に来店しました。店内は広くゆったりとできます。,1,66,21,2024-01-01 0:00:00,2024-01-01 0:00:00
72,名古屋では有名な格安で焼肉食べ放題のお店。タイミングよく仕事で行く機会があったので、地元の友人と一緒に来店しました。店内は広くゆったりとできます。,5,63,14,2024-01-01 0:00:00,2024-01-01 0:00:00
73,名古屋では有名な格安で焼肉食べ放題のお店。タイミングよく仕事で行く機会があったので、地元の友人と一緒に来店しました。店内は広くゆったりとできます。,1,11,8,2024-01-01 0:00:00,2024-01-01 0:00:00
74,名古屋では有名な格安で焼肉食べ放題のお店。タイミングよく仕事で行く機会があったので、地元の友人と一緒に来店しました。店内は広くゆったりとできます。,3,31,85,2024-01-01 0:00:00,2024-01-01 0:00:00
75,名古屋では有名な格安で焼肉食べ放題のお店。タイミングよく仕事で行く機会があったので、地元の友人と一緒に来店しました。店内は広くゆったりとできます。,2,67,23,2024-01-01 0:00:00,2024-01-01 0:00:00
76,名古屋では有名な格安で焼肉食べ放題のお店。タイミングよく仕事で行く機会があったので、地元の友人と一緒に来店しました。店内は広くゆったりとできます。,1,53,62,2024-01-01 0:00:00,2024-01-01 0:00:00
77,名古屋では有名な格安で焼肉食べ放題のお店。タイミングよく仕事で行く機会があったので、地元の友人と一緒に来店しました。店内は広くゆったりとできます。,1,15,99,2024-01-01 0:00:00,2024-01-01 0:00:00
78,名古屋では有名な格安で焼肉食べ放題のお店。タイミングよく仕事で行く機会があったので、地元の友人と一緒に来店しました。店内は広くゆったりとできます。,4,77,66,2024-01-01 0:00:00,2024-01-01 0:00:00
79,名古屋では有名な格安で焼肉食べ放題のお店。タイミングよく仕事で行く機会があったので、地元の友人と一緒に来店しました。店内は広くゆったりとできます。,5,18,1,2024-01-01 0:00:00,2024-01-01 0:00:00
80,名古屋では有名な格安で焼肉食べ放題のお店。タイミングよく仕事で行く機会があったので、地元の友人と一緒に来店しました。店内は広くゆったりとできます。,1,36,19,2024-01-01 0:00:00,2024-01-01 0:00:00
81,名古屋では有名な格安で焼肉食べ放題のお店。タイミングよく仕事で行く機会があったので、地元の友人と一緒に来店しました。店内は広くゆったりとできます。,5,48,31,2024-01-01 0:00:00,2024-01-01 0:00:00
82,名古屋では有名な格安で焼肉食べ放題のお店。タイミングよく仕事で行く機会があったので、地元の友人と一緒に来店しました。店内は広くゆったりとできます。,1,75,58,2024-01-01 0:00:00,2024-01-01 0:00:00
83,名古屋では有名な格安で焼肉食べ放題のお店。タイミングよく仕事で行く機会があったので、地元の友人と一緒に来店しました。店内は広くゆったりとできます。,2,66,9,2024-01-01 0:00:00,2024-01-01 0:00:00
84,名古屋では有名な格安で焼肉食べ放題のお店。タイミングよく仕事で行く機会があったので、地元の友人と一緒に来店しました。店内は広くゆったりとできます。,5,69,8,2024-01-01 0:00:00,2024-01-01 0:00:00
85,名古屋では有名な格安で焼肉食べ放題のお店。タイミングよく仕事で行く機会があったので、地元の友人と一緒に来店しました。店内は広くゆったりとできます。,5,37,90,2024-01-01 0:00:00,2024-01-01 0:00:00
86,名古屋では有名な格安で焼肉食べ放題のお店。タイミングよく仕事で行く機会があったので、地元の友人と一緒に来店しました。店内は広くゆったりとできます。,5,68,33,2024-01-01 0:00:00,2024-01-01 0:00:00
87,名古屋では有名な格安で焼肉食べ放題のお店。タイミングよく仕事で行く機会があったので、地元の友人と一緒に来店しました。店内は広くゆったりとできます。,4,99,18,2024-01-01 0:00:00,2024-01-01 0:00:00
88,名古屋では有名な格安で焼肉食べ放題のお店。タイミングよく仕事で行く機会があったので、地元の友人と一緒に来店しました。店内は広くゆったりとできます。,4,24,70,2024-01-01 0:00:00,2024-01-01 0:00:00
89,名古屋では有名な格安で焼肉食べ放題のお店。タイミングよく仕事で行く機会があったので、地元の友人と一緒に来店しました。店内は広くゆったりとできます。,1,28,14,2024-01-01 0:00:00,2024-01-01 0:00:00
90,名古屋では有名な格安で焼肉食べ放題のお店。タイミングよく仕事で行く機会があったので、地元の友人と一緒に来店しました。店内は広くゆったりとできます。,5,70,83,2024-01-01 0:00:00,2024-01-01 0:00:00
91,名古屋では有名な格安で焼肉食べ放題のお店。タイミングよく仕事で行く機会があったので、地元の友人と一緒に来店しました。店内は広くゆったりとできます。,5,98,6,2024-01-01 0:00:00,2024-01-01 0:00:00
92,名古屋では有名な格安で焼肉食べ放題のお店。タイミングよく仕事で行く機会があったので、地元の友人と一緒に来店しました。店内は広くゆったりとできます。,3,60,66,2024-01-01 0:00:00,2024-01-01 0:00:00
93,名古屋では有名な格安で焼肉食べ放題のお店。タイミングよく仕事で行く機会があったので、地元の友人と一緒に来店しました。店内は広くゆったりとできます。,2,62,1,2024-01-01 0:00:00,2024-01-01 0:00:00
94,名古屋では有名な格安で焼肉食べ放題のお店。タイミングよく仕事で行く機会があったので、地元の友人と一緒に来店しました。店内は広くゆったりとできます。,5,22,57,2024-01-01 0:00:00,2024-01-01 0:00:00
95,名古屋では有名な格安で焼肉食べ放題のお店。タイミングよく仕事で行く機会があったので、地元の友人と一緒に来店しました。店内は広くゆったりとできます。,2,13,78,2024-01-01 0:00:00,2024-01-01 0:00:00
96,名古屋では有名な格安で焼肉食べ放題のお店。タイミングよく仕事で行く機会があったので、地元の友人と一緒に来店しました。店内は広くゆったりとできます。,2,100,60,2024-01-01 0:00:00,2024-01-01 0:00:00
97,名古屋では有名な格安で焼肉食べ放題のお店。タイミングよく仕事で行く機会があったので、地元の友人と一緒に来店しました。店内は広くゆったりとできます。,4,25,100,2024-01-01 0:00:00,2024-01-01 0:00:00
98,名古屋では有名な格安で焼肉食べ放題のお店。タイミングよく仕事で行く機会があったので、地元の友人と一緒に来店しました。店内は広くゆったりとできます。,2,22,41,2024-01-01 0:00:00,2024-01-01 0:00:00
99,名古屋では有名な格安で焼肉食べ放題のお店。タイミングよく仕事で行く機会があったので、地元の友人と一緒に来店しました。店内は広くゆったりとできます。,4,54,68,2024-01-01 0:00:00,2024-01-01 0:00:00
100,名古屋では有名な格安で焼肉食べ放題のお店。タイミングよく仕事で行く機会があったので、地元の友人と一緒に来店しました。店内は広くゆったりとできます。,2,54,63,2024-01-01 0:00:00,2024-01-01 0:00:00
101,名古屋では有名な格安で焼肉食べ放題のお店。タイミングよく仕事で行く機会があったので、地元の友人と一緒に来店しました。店内は広くゆったりとできます。,5,68,37,2024-01-01 0:00:00,2024-01-01 0:00:00
102,名古屋では有名な格安で焼肉食べ放題のお店。タイミングよく仕事で行く機会があったので、地元の友人と一緒に来店しました。店内は広くゆったりとできます。,4,79,59,2024-01-01 0:00:00,2024-01-01 0:00:00
103,名古屋では有名な格安で焼肉食べ放題のお店。タイミングよく仕事で行く機会があったので、地元の友人と一緒に来店しました。店内は広くゆったりとできます。,3,55,4,2024-01-01 0:00:00,2024-01-01 0:00:00
104,名古屋では有名な格安で焼肉食べ放題のお店。タイミングよく仕事で行く機会があったので、地元の友人と一緒に来店しました。店内は広くゆったりとできます。,1,11,40,2024-01-01 0:00:00,2024-01-01 0:00:00
105,名古屋では有名な格安で焼肉食べ放題のお店。タイミングよく仕事で行く機会があったので、地元の友人と一緒に来店しました。店内は広くゆったりとできます。,1,55,26,2024-01-01 0:00:00,2024-01-01 0:00:00
106,名古屋では有名な格安で焼肉食べ放題のお店。タイミングよく仕事で行く機会があったので、地元の友人と一緒に来店しました。店内は広くゆったりとできます。,4,36,36,2024-01-01 0:00:00,2024-01-01 0:00:00
107,名古屋では有名な格安で焼肉食べ放題のお店。タイミングよく仕事で行く機会があったので、地元の友人と一緒に来店しました。店内は広くゆったりとできます。,3,99,79,2024-01-01 0:00:00,2024-01-01 0:00:00
108,名古屋では有名な格安で焼肉食べ放題のお店。タイミングよく仕事で行く機会があったので、地元の友人と一緒に来店しました。店内は広くゆったりとできます。,5,20,10,2024-01-01 0:00:00,2024-01-01 0:00:00
109,名古屋では有名な格安で焼肉食べ放題のお店。タイミングよく仕事で行く機会があったので、地元の友人と一緒に来店しました。店内は広くゆったりとできます。,3,28,12,2024-01-01 0:00:00,2024-01-01 0:00:00
110,名古屋では有名な格安で焼肉食べ放題のお店。タイミングよく仕事で行く機会があったので、地元の友人と一緒に来店しました。店内は広くゆったりとできます。,5,77,7,2024-01-01 0:00:00,2024-01-01 0:00:00
111,名古屋では有名な格安で焼肉食べ放題のお店。タイミングよく仕事で行く機会があったので、地元の友人と一緒に来店しました。店内は広くゆったりとできます。,3,84,35,2024-01-01 0:00:00,2024-01-01 0:00:00
112,名古屋では有名な格安で焼肉食べ放題のお店。タイミングよく仕事で行く機会があったので、地元の友人と一緒に来店しました。店内は広くゆったりとできます。,2,5,89,2024-01-01 0:00:00,2024-01-01 0:00:00
113,名古屋では有名な格安で焼肉食べ放題のお店。タイミングよく仕事で行く機会があったので、地元の友人と一緒に来店しました。店内は広くゆったりとできます。,5,1,26,2024-01-01 0:00:00,2024-01-01 0:00:00
114,名古屋では有名な格安で焼肉食べ放題のお店。タイミングよく仕事で行く機会があったので、地元の友人と一緒に来店しました。店内は広くゆったりとできます。,2,59,34,2024-01-01 0:00:00,2024-01-01 0:00:00
115,名古屋では有名な格安で焼肉食べ放題のお店。タイミングよく仕事で行く機会があったので、地元の友人と一緒に来店しました。店内は広くゆったりとできます。,2,4,27,2024-01-01 0:00:00,2024-01-01 0:00:00
116,名古屋では有名な格安で焼肉食べ放題のお店。タイミングよく仕事で行く機会があったので、地元の友人と一緒に来店しました。店内は広くゆったりとできます。,3,46,32,2024-01-01 0:00:00,2024-01-01 0:00:00
117,名古屋では有名な格安で焼肉食べ放題のお店。タイミングよく仕事で行く機会があったので、地元の友人と一緒に来店しました。店内は広くゆったりとできます。,5,14,55,2024-01-01 0:00:00,2024-01-01 0:00:00
118,名古屋では有名な格安で焼肉食べ放題のお店。タイミングよく仕事で行く機会があったので、地元の友人と一緒に来店しました。店内は広くゆったりとできます。,1,91,81,2024-01-01 0:00:00,2024-01-01 0:00:00
119,名古屋では有名な格安で焼肉食べ放題のお店。タイミングよく仕事で行く機会があったので、地元の友人と一緒に来店しました。店内は広くゆったりとできます。,5,42,55,2024-01-01 0:00:00,2024-01-01 0:00:00
120,名古屋では有名な格安で焼肉食べ放題のお店。タイミングよく仕事で行く機会があったので、地元の友人と一緒に来店しました。店内は広くゆったりとできます。,5,64,72,2024-01-01 0:00:00,2024-01-01 0:00:00
121,名古屋では有名な格安で焼肉食べ放題のお店。タイミングよく仕事で行く機会があったので、地元の友人と一緒に来店しました。店内は広くゆったりとできます。,4,81,86,2024-01-01 0:00:00,2024-01-01 0:00:00
122,名古屋では有名な格安で焼肉食べ放題のお店。タイミングよく仕事で行く機会があったので、地元の友人と一緒に来店しました。店内は広くゆったりとできます。,5,28,42,2024-01-01 0:00:00,2024-01-01 0:00:00
123,名古屋では有名な格安で焼肉食べ放題のお店。タイミングよく仕事で行く機会があったので、地元の友人と一緒に来店しました。店内は広くゆったりとできます。,5,4,37,2024-01-01 0:00:00,2024-01-01 0:00:00
124,名古屋では有名な格安で焼肉食べ放題のお店。タイミングよく仕事で行く機会があったので、地元の友人と一緒に来店しました。店内は広くゆったりとできます。,2,72,101,2024-01-01 0:00:00,2024-01-01 0:00:00
125,名古屋では有名な格安で焼肉食べ放題のお店。タイミングよく仕事で行く機会があったので、地元の友人と一緒に来店しました。店内は広くゆったりとできます。,4,31,88,2024-01-01 0:00:00,2024-01-01 0:00:00
126,名古屋では有名な格安で焼肉食べ放題のお店。タイミングよく仕事で行く機会があったので、地元の友人と一緒に来店しました。店内は広くゆったりとできます。,1,48,71,2024-01-01 0:00:00,2024-01-01 0:00:00
127,名古屋では有名な格安で焼肉食べ放題のお店。タイミングよく仕事で行く機会があったので、地元の友人と一緒に来店しました。店内は広くゆったりとできます。,2,25,87,2024-01-01 0:00:00,2024-01-01 0:00:00
128,名古屋では有名な格安で焼肉食べ放題のお店。タイミングよく仕事で行く機会があったので、地元の友人と一緒に来店しました。店内は広くゆったりとできます。,2,80,42,2024-01-01 0:00:00,2024-01-01 0:00:00
129,名古屋では有名な格安で焼肉食べ放題のお店。タイミングよく仕事で行く機会があったので、地元の友人と一緒に来店しました。店内は広くゆったりとできます。,2,5,90,2024-01-01 0:00:00,2024-01-01 0:00:00
130,名古屋では有名な格安で焼肉食べ放題のお店。タイミングよく仕事で行く機会があったので、地元の友人と一緒に来店しました。店内は広くゆったりとできます。,3,1,83,2024-01-01 0:00:00,2024-01-01 0:00:00
131,名古屋では有名な格安で焼肉食べ放題のお店。タイミングよく仕事で行く機会があったので、地元の友人と一緒に来店しました。店内は広くゆったりとできます。,2,8,58,2024-01-01 0:00:00,2024-01-01 0:00:00
132,名古屋では有名な格安で焼肉食べ放題のお店。タイミングよく仕事で行く機会があったので、地元の友人と一緒に来店しました。店内は広くゆったりとできます。,3,3,14,2024-01-01 0:00:00,2024-01-01 0:00:00
133,名古屋では有名な格安で焼肉食べ放題のお店。タイミングよく仕事で行く機会があったので、地元の友人と一緒に来店しました。店内は広くゆったりとできます。,1,34,45,2024-01-01 0:00:00,2024-01-01 0:00:00
134,名古屋では有名な格安で焼肉食べ放題のお店。タイミングよく仕事で行く機会があったので、地元の友人と一緒に来店しました。店内は広くゆったりとできます。,3,73,51,2024-01-01 0:00:00,2024-01-01 0:00:00
135,名古屋では有名な格安で焼肉食べ放題のお店。タイミングよく仕事で行く機会があったので、地元の友人と一緒に来店しました。店内は広くゆったりとできます。,2,89,22,2024-01-01 0:00:00,2024-01-01 0:00:00
136,名古屋では有名な格安で焼肉食べ放題のお店。タイミングよく仕事で行く機会があったので、地元の友人と一緒に来店しました。店内は広くゆったりとできます。,5,95,54,2024-01-01 0:00:00,2024-01-01 0:00:00
137,名古屋では有名な格安で焼肉食べ放題のお店。タイミングよく仕事で行く機会があったので、地元の友人と一緒に来店しました。店内は広くゆったりとできます。,2,70,41,2024-01-01 0:00:00,2024-01-01 0:00:00
138,名古屋では有名な格安で焼肉食べ放題のお店。タイミングよく仕事で行く機会があったので、地元の友人と一緒に来店しました。店内は広くゆったりとできます。,5,5,78,2024-01-01 0:00:00,2024-01-01 0:00:00
139,名古屋では有名な格安で焼肉食べ放題のお店。タイミングよく仕事で行く機会があったので、地元の友人と一緒に来店しました。店内は広くゆったりとできます。,4,78,6,2024-01-01 0:00:00,2024-01-01 0:00:00
140,名古屋では有名な格安で焼肉食べ放題のお店。タイミングよく仕事で行く機会があったので、地元の友人と一緒に来店しました。店内は広くゆったりとできます。,5,49,90,2024-01-01 0:00:00,2024-01-01 0:00:00
141,名古屋では有名な格安で焼肉食べ放題のお店。タイミングよく仕事で行く機会があったので、地元の友人と一緒に来店しました。店内は広くゆったりとできます。,3,47,73,2024-01-01 0:00:00,2024-01-01 0:00:00
142,名古屋では有名な格安で焼肉食べ放題のお店。タイミングよく仕事で行く機会があったので、地元の友人と一緒に来店しました。店内は広くゆったりとできます。,1,54,51,2024-01-01 0:00:00,2024-01-01 0:00:00
143,名古屋では有名な格安で焼肉食べ放題のお店。タイミングよく仕事で行く機会があったので、地元の友人と一緒に来店しました。店内は広くゆったりとできます。,5,18,51,2024-01-01 0:00:00,2024-01-01 0:00:00
144,名古屋では有名な格安で焼肉食べ放題のお店。タイミングよく仕事で行く機会があったので、地元の友人と一緒に来店しました。店内は広くゆったりとできます。,3,3,1,2024-01-01 0:00:00,2024-01-01 0:00:00
145,名古屋では有名な格安で焼肉食べ放題のお店。タイミングよく仕事で行く機会があったので、地元の友人と一緒に来店しました。店内は広くゆったりとできます。,3,46,79,2024-01-01 0:00:00,2024-01-01 0:00:00
146,名古屋では有名な格安で焼肉食べ放題のお店。タイミングよく仕事で行く機会があったので、地元の友人と一緒に来店しました。店内は広くゆったりとできます。,2,44,32,2024-01-01 0:00:00,2024-01-01 0:00:00
147,名古屋では有名な格安で焼肉食べ放題のお店。タイミングよく仕事で行く機会があったので、地元の友人と一緒に来店しました。店内は広くゆったりとできます。,1,73,42,2024-01-01 0:00:00,2024-01-01 0:00:00
148,名古屋では有名な格安で焼肉食べ放題のお店。タイミングよく仕事で行く機会があったので、地元の友人と一緒に来店しました。店内は広くゆったりとできます。,1,63,11,2024-01-01 0:00:00,2024-01-01 0:00:00
149,名古屋では有名な格安で焼肉食べ放題のお店。タイミングよく仕事で行く機会があったので、地元の友人と一緒に来店しました。店内は広くゆったりとできます。,2,86,2,2024-01-01 0:00:00,2024-01-01 0:00:00
150,名古屋では有名な格安で焼肉食べ放題のお店。タイミングよく仕事で行く機会があったので、地元の友人と一緒に来店しました。店内は広くゆったりとできます。,5,18,64,2024-01-01 0:00:00,2024-01-01 0:00:00
151,名古屋では有名な格安で焼肉食べ放題のお店。タイミングよく仕事で行く機会があったので、地元の友人と一緒に来店しました。店内は広くゆったりとできます。,3,3,101,2024-01-01 0:00:00,2024-01-01 0:00:00
152,名古屋では有名な格安で焼肉食べ放題のお店。タイミングよく仕事で行く機会があったので、地元の友人と一緒に来店しました。店内は広くゆったりとできます。,3,83,32,2024-01-01 0:00:00,2024-01-01 0:00:00
153,名古屋では有名な格安で焼肉食べ放題のお店。タイミングよく仕事で行く機会があったので、地元の友人と一緒に来店しました。店内は広くゆったりとできます。,3,61,63,2024-01-01 0:00:00,2024-01-01 0:00:00
154,名古屋では有名な格安で焼肉食べ放題のお店。タイミングよく仕事で行く機会があったので、地元の友人と一緒に来店しました。店内は広くゆったりとできます。,4,43,91,2024-01-01 0:00:00,2024-01-01 0:00:00
155,名古屋では有名な格安で焼肉食べ放題のお店。タイミングよく仕事で行く機会があったので、地元の友人と一緒に来店しました。店内は広くゆったりとできます。,2,4,18,2024-01-01 0:00:00,2024-01-01 0:00:00
156,名古屋では有名な格安で焼肉食べ放題のお店。タイミングよく仕事で行く機会があったので、地元の友人と一緒に来店しました。店内は広くゆったりとできます。,4,71,68,2024-01-01 0:00:00,2024-01-01 0:00:00
157,名古屋では有名な格安で焼肉食べ放題のお店。タイミングよく仕事で行く機会があったので、地元の友人と一緒に来店しました。店内は広くゆったりとできます。,3,80,24,2024-01-01 0:00:00,2024-01-01 0:00:00
158,名古屋では有名な格安で焼肉食べ放題のお店。タイミングよく仕事で行く機会があったので、地元の友人と一緒に来店しました。店内は広くゆったりとできます。,3,26,98,2024-01-01 0:00:00,2024-01-01 0:00:00
159,名古屋では有名な格安で焼肉食べ放題のお店。タイミングよく仕事で行く機会があったので、地元の友人と一緒に来店しました。店内は広くゆったりとできます。,1,66,58,2024-01-01 0:00:00,2024-01-01 0:00:00
160,名古屋では有名な格安で焼肉食べ放題のお店。タイミングよく仕事で行く機会があったので、地元の友人と一緒に来店しました。店内は広くゆったりとできます。,5,30,74,2024-01-01 0:00:00,2024-01-01 0:00:00
161,名古屋では有名な格安で焼肉食べ放題のお店。タイミングよく仕事で行く機会があったので、地元の友人と一緒に来店しました。店内は広くゆったりとできます。,3,99,58,2024-01-01 0:00:00,2024-01-01 0:00:00
162,名古屋では有名な格安で焼肉食べ放題のお店。タイミングよく仕事で行く機会があったので、地元の友人と一緒に来店しました。店内は広くゆったりとできます。,1,55,40,2024-01-01 0:00:00,2024-01-01 0:00:00
163,名古屋では有名な格安で焼肉食べ放題のお店。タイミングよく仕事で行く機会があったので、地元の友人と一緒に来店しました。店内は広くゆったりとできます。,4,86,28,2024-01-01 0:00:00,2024-01-01 0:00:00
164,名古屋では有名な格安で焼肉食べ放題のお店。タイミングよく仕事で行く機会があったので、地元の友人と一緒に来店しました。店内は広くゆったりとできます。,3,47,25,2024-01-01 0:00:00,2024-01-01 0:00:00
165,名古屋では有名な格安で焼肉食べ放題のお店。タイミングよく仕事で行く機会があったので、地元の友人と一緒に来店しました。店内は広くゆったりとできます。,2,63,81,2024-01-01 0:00:00,2024-01-01 0:00:00
166,名古屋では有名な格安で焼肉食べ放題のお店。タイミングよく仕事で行く機会があったので、地元の友人と一緒に来店しました。店内は広くゆったりとできます。,4,72,34,2024-01-01 0:00:00,2024-01-01 0:00:00
167,名古屋では有名な格安で焼肉食べ放題のお店。タイミングよく仕事で行く機会があったので、地元の友人と一緒に来店しました。店内は広くゆったりとできます。,4,22,46,2024-01-01 0:00:00,2024-01-01 0:00:00
168,名古屋では有名な格安で焼肉食べ放題のお店。タイミングよく仕事で行く機会があったので、地元の友人と一緒に来店しました。店内は広くゆったりとできます。,4,22,64,2024-01-01 0:00:00,2024-01-01 0:00:00
169,名古屋では有名な格安で焼肉食べ放題のお店。タイミングよく仕事で行く機会があったので、地元の友人と一緒に来店しました。店内は広くゆったりとできます。,1,74,76,2024-01-01 0:00:00,2024-01-01 0:00:00
170,名古屋では有名な格安で焼肉食べ放題のお店。タイミングよく仕事で行く機会があったので、地元の友人と一緒に来店しました。店内は広くゆったりとできます。,4,15,34,2024-01-01 0:00:00,2024-01-01 0:00:00
171,名古屋では有名な格安で焼肉食べ放題のお店。タイミングよく仕事で行く機会があったので、地元の友人と一緒に来店しました。店内は広くゆったりとできます。,3,27,2,2024-01-01 0:00:00,2024-01-01 0:00:00
172,名古屋では有名な格安で焼肉食べ放題のお店。タイミングよく仕事で行く機会があったので、地元の友人と一緒に来店しました。店内は広くゆったりとできます。,4,66,42,2024-01-01 0:00:00,2024-01-01 0:00:00
173,名古屋では有名な格安で焼肉食べ放題のお店。タイミングよく仕事で行く機会があったので、地元の友人と一緒に来店しました。店内は広くゆったりとできます。,5,38,50,2024-01-01 0:00:00,2024-01-01 0:00:00
174,名古屋では有名な格安で焼肉食べ放題のお店。タイミングよく仕事で行く機会があったので、地元の友人と一緒に来店しました。店内は広くゆったりとできます。,3,73,39,2024-01-01 0:00:00,2024-01-01 0:00:00
175,名古屋では有名な格安で焼肉食べ放題のお店。タイミングよく仕事で行く機会があったので、地元の友人と一緒に来店しました。店内は広くゆったりとできます。,4,64,97,2024-01-01 0:00:00,2024-01-01 0:00:00
176,名古屋では有名な格安で焼肉食べ放題のお店。タイミングよく仕事で行く機会があったので、地元の友人と一緒に来店しました。店内は広くゆったりとできます。,5,48,80,2024-01-01 0:00:00,2024-01-01 0:00:00
177,名古屋では有名な格安で焼肉食べ放題のお店。タイミングよく仕事で行く機会があったので、地元の友人と一緒に来店しました。店内は広くゆったりとできます。,1,12,80,2024-01-01 0:00:00,2024-01-01 0:00:00
178,名古屋では有名な格安で焼肉食べ放題のお店。タイミングよく仕事で行く機会があったので、地元の友人と一緒に来店しました。店内は広くゆったりとできます。,4,20,20,2024-01-01 0:00:00,2024-01-01 0:00:00
179,名古屋では有名な格安で焼肉食べ放題のお店。タイミングよく仕事で行く機会があったので、地元の友人と一緒に来店しました。店内は広くゆったりとできます。,5,53,68,2024-01-01 0:00:00,2024-01-01 0:00:00
180,名古屋では有名な格安で焼肉食べ放題のお店。タイミングよく仕事で行く機会があったので、地元の友人と一緒に来店しました。店内は広くゆったりとできます。,1,7,89,2024-01-01 0:00:00,2024-01-01 0:00:00
181,名古屋では有名な格安で焼肉食べ放題のお店。タイミングよく仕事で行く機会があったので、地元の友人と一緒に来店しました。店内は広くゆったりとできます。,4,52,84,2024-01-01 0:00:00,2024-01-01 0:00:00
182,名古屋では有名な格安で焼肉食べ放題のお店。タイミングよく仕事で行く機会があったので、地元の友人と一緒に来店しました。店内は広くゆったりとできます。,4,63,39,2024-01-01 0:00:00,2024-01-01 0:00:00
183,名古屋では有名な格安で焼肉食べ放題のお店。タイミングよく仕事で行く機会があったので、地元の友人と一緒に来店しました。店内は広くゆったりとできます。,4,35,93,2024-01-01 0:00:00,2024-01-01 0:00:00
184,名古屋では有名な格安で焼肉食べ放題のお店。タイミングよく仕事で行く機会があったので、地元の友人と一緒に来店しました。店内は広くゆったりとできます。,4,89,80,2024-01-01 0:00:00,2024-01-01 0:00:00
185,名古屋では有名な格安で焼肉食べ放題のお店。タイミングよく仕事で行く機会があったので、地元の友人と一緒に来店しました。店内は広くゆったりとできます。,2,71,84,2024-01-01 0:00:00,2024-01-01 0:00:00
186,名古屋では有名な格安で焼肉食べ放題のお店。タイミングよく仕事で行く機会があったので、地元の友人と一緒に来店しました。店内は広くゆったりとできます。,2,29,14,2024-01-01 0:00:00,2024-01-01 0:00:00
187,名古屋では有名な格安で焼肉食べ放題のお店。タイミングよく仕事で行く機会があったので、地元の友人と一緒に来店しました。店内は広くゆったりとできます。,1,37,44,2024-01-01 0:00:00,2024-01-01 0:00:00
188,名古屋では有名な格安で焼肉食べ放題のお店。タイミングよく仕事で行く機会があったので、地元の友人と一緒に来店しました。店内は広くゆったりとできます。,2,85,15,2024-01-01 0:00:00,2024-01-01 0:00:00
189,名古屋では有名な格安で焼肉食べ放題のお店。タイミングよく仕事で行く機会があったので、地元の友人と一緒に来店しました。店内は広くゆったりとできます。,4,96,26,2024-01-01 0:00:00,2024-01-01 0:00:00
190,名古屋では有名な格安で焼肉食べ放題のお店。タイミングよく仕事で行く機会があったので、地元の友人と一緒に来店しました。店内は広くゆったりとできます。,1,54,10,2024-01-01 0:00:00,2024-01-01 0:00:00
191,名古屋では有名な格安で焼肉食べ放題のお店。タイミングよく仕事で行く機会があったので、地元の友人と一緒に来店しました。店内は広くゆったりとできます。,2,63,70,2024-01-01 0:00:00,2024-01-01 0:00:00
192,名古屋では有名な格安で焼肉食べ放題のお店。タイミングよく仕事で行く機会があったので、地元の友人と一緒に来店しました。店内は広くゆったりとできます。,2,20,62,2024-01-01 0:00:00,2024-01-01 0:00:00
193,名古屋では有名な格安で焼肉食べ放題のお店。タイミングよく仕事で行く機会があったので、地元の友人と一緒に来店しました。店内は広くゆったりとできます。,4,73,27,2024-01-01 0:00:00,2024-01-01 0:00:00
194,名古屋では有名な格安で焼肉食べ放題のお店。タイミングよく仕事で行く機会があったので、地元の友人と一緒に来店しました。店内は広くゆったりとできます。,5,90,46,2024-01-01 0:00:00,2024-01-01 0:00:00
195,名古屋では有名な格安で焼肉食べ放題のお店。タイミングよく仕事で行く機会があったので、地元の友人と一緒に来店しました。店内は広くゆったりとできます。,5,73,6,2024-01-01 0:00:00,2024-01-01 0:00:00
196,名古屋では有名な格安で焼肉食べ放題のお店。タイミングよく仕事で行く機会があったので、地元の友人と一緒に来店しました。店内は広くゆったりとできます。,1,36,8,2024-01-01 0:00:00,2024-01-01 0:00:00
197,名古屋では有名な格安で焼肉食べ放題のお店。タイミングよく仕事で行く機会があったので、地元の友人と一緒に来店しました。店内は広くゆったりとできます。,4,87,16,2024-01-01 0:00:00,2024-01-01 0:00:00
198,名古屋では有名な格安で焼肉食べ放題のお店。タイミングよく仕事で行く機会があったので、地元の友人と一緒に来店しました。店内は広くゆったりとできます。,5,65,42,2024-01-01 0:00:00,2024-01-01 0:00:00
199,名古屋では有名な格安で焼肉食べ放題のお店。タイミングよく仕事で行く機会があったので、地元の友人と一緒に来店しました。店内は広くゆったりとできます。,1,71,4,2024-01-01 0:00:00,2024-01-01 0:00:00
200,名古屋では有名な格安で焼肉食べ放題のお店。タイミングよく仕事で行く機会があったので、地元の友人と一緒に来店しました。店内は広くゆったりとできます。,4,33,51,2024-01-01 0:00:00,2024-01-01 0:00:00
201,名古屋では有名な格安で焼肉食べ放題のお店。タイミングよく仕事で行く機会があったので、地元の友人と一緒に来店しました。店内は広くゆったりとできます。,2,85,72,2024-01-01 0:00:00,2024-01-01 0:00:00
202,名古屋では有名な格安で焼肉食べ放題のお店。タイミングよく仕事で行く機会があったので、地元の友人と一緒に来店しました。店内は広くゆったりとできます。,1,96,77,2024-01-01 0:00:00,2024-01-01 0:00:00
203,名古屋では有名な格安で焼肉食べ放題のお店。タイミングよく仕事で行く機会があったので、地元の友人と一緒に来店しました。店内は広くゆったりとできます。,1,16,41,2024-01-01 0:00:00,2024-01-01 0:00:00
204,名古屋では有名な格安で焼肉食べ放題のお店。タイミングよく仕事で行く機会があったので、地元の友人と一緒に来店しました。店内は広くゆったりとできます。,4,5,31,2024-01-01 0:00:00,2024-01-01 0:00:00
205,名古屋では有名な格安で焼肉食べ放題のお店。タイミングよく仕事で行く機会があったので、地元の友人と一緒に来店しました。店内は広くゆったりとできます。,5,6,85,2024-01-01 0:00:00,2024-01-01 0:00:00
206,名古屋では有名な格安で焼肉食べ放題のお店。タイミングよく仕事で行く機会があったので、地元の友人と一緒に来店しました。店内は広くゆったりとできます。,4,51,36,2024-01-01 0:00:00,2024-01-01 0:00:00
207,名古屋では有名な格安で焼肉食べ放題のお店。タイミングよく仕事で行く機会があったので、地元の友人と一緒に来店しました。店内は広くゆったりとできます。,4,57,74,2024-01-01 0:00:00,2024-01-01 0:00:00
208,名古屋では有名な格安で焼肉食べ放題のお店。タイミングよく仕事で行く機会があったので、地元の友人と一緒に来店しました。店内は広くゆったりとできます。,4,50,81,2024-01-01 0:00:00,2024-01-01 0:00:00
209,名古屋では有名な格安で焼肉食べ放題のお店。タイミングよく仕事で行く機会があったので、地元の友人と一緒に来店しました。店内は広くゆったりとできます。,5,71,60,2024-01-01 0:00:00,2024-01-01 0:00:00
210,名古屋では有名な格安で焼肉食べ放題のお店。タイミングよく仕事で行く機会があったので、地元の友人と一緒に来店しました。店内は広くゆったりとできます。,4,19,64,2024-01-01 0:00:00,2024-01-01 0:00:00
211,名古屋では有名な格安で焼肉食べ放題のお店。タイミングよく仕事で行く機会があったので、地元の友人と一緒に来店しました。店内は広くゆったりとできます。,2,71,24,2024-01-01 0:00:00,2024-01-01 0:00:00
212,名古屋では有名な格安で焼肉食べ放題のお店。タイミングよく仕事で行く機会があったので、地元の友人と一緒に来店しました。店内は広くゆったりとできます。,1,32,97,2024-01-01 0:00:00,2024-01-01 0:00:00
213,名古屋では有名な格安で焼肉食べ放題のお店。タイミングよく仕事で行く機会があったので、地元の友人と一緒に来店しました。店内は広くゆったりとできます。,5,68,78,2024-01-01 0:00:00,2024-01-01 0:00:00
214,名古屋では有名な格安で焼肉食べ放題のお店。タイミングよく仕事で行く機会があったので、地元の友人と一緒に来店しました。店内は広くゆったりとできます。,3,67,33,2024-01-01 0:00:00,2024-01-01 0:00:00
215,名古屋では有名な格安で焼肉食べ放題のお店。タイミングよく仕事で行く機会があったので、地元の友人と一緒に来店しました。店内は広くゆったりとできます。,1,4,67,2024-01-01 0:00:00,2024-01-01 0:00:00
216,名古屋では有名な格安で焼肉食べ放題のお店。タイミングよく仕事で行く機会があったので、地元の友人と一緒に来店しました。店内は広くゆったりとできます。,2,52,31,2024-01-01 0:00:00,2024-01-01 0:00:00
217,名古屋では有名な格安で焼肉食べ放題のお店。タイミングよく仕事で行く機会があったので、地元の友人と一緒に来店しました。店内は広くゆったりとできます。,1,96,4,2024-01-01 0:00:00,2024-01-01 0:00:00
218,名古屋では有名な格安で焼肉食べ放題のお店。タイミングよく仕事で行く機会があったので、地元の友人と一緒に来店しました。店内は広くゆったりとできます。,5,25,32,2024-01-01 0:00:00,2024-01-01 0:00:00
219,名古屋では有名な格安で焼肉食べ放題のお店。タイミングよく仕事で行く機会があったので、地元の友人と一緒に来店しました。店内は広くゆったりとできます。,3,4,86,2024-01-01 0:00:00,2024-01-01 0:00:00
220,名古屋では有名な格安で焼肉食べ放題のお店。タイミングよく仕事で行く機会があったので、地元の友人と一緒に来店しました。店内は広くゆったりとできます。,5,80,44,2024-01-01 0:00:00,2024-01-01 0:00:00
221,名古屋では有名な格安で焼肉食べ放題のお店。タイミングよく仕事で行く機会があったので、地元の友人と一緒に来店しました。店内は広くゆったりとできます。,5,20,69,2024-01-01 0:00:00,2024-01-01 0:00:00
222,名古屋では有名な格安で焼肉食べ放題のお店。タイミングよく仕事で行く機会があったので、地元の友人と一緒に来店しました。店内は広くゆったりとできます。,5,12,17,2024-01-01 0:00:00,2024-01-01 0:00:00
223,名古屋では有名な格安で焼肉食べ放題のお店。タイミングよく仕事で行く機会があったので、地元の友人と一緒に来店しました。店内は広くゆったりとできます。,4,32,83,2024-01-01 0:00:00,2024-01-01 0:00:00
224,名古屋では有名な格安で焼肉食べ放題のお店。タイミングよく仕事で行く機会があったので、地元の友人と一緒に来店しました。店内は広くゆったりとできます。,5,98,77,2024-01-01 0:00:00,2024-01-01 0:00:00
225,名古屋では有名な格安で焼肉食べ放題のお店。タイミングよく仕事で行く機会があったので、地元の友人と一緒に来店しました。店内は広くゆったりとできます。,2,68,51,2024-01-01 0:00:00,2024-01-01 0:00:00
226,名古屋では有名な格安で焼肉食べ放題のお店。タイミングよく仕事で行く機会があったので、地元の友人と一緒に来店しました。店内は広くゆったりとできます。,5,19,98,2024-01-01 0:00:00,2024-01-01 0:00:00
227,名古屋では有名な格安で焼肉食べ放題のお店。タイミングよく仕事で行く機会があったので、地元の友人と一緒に来店しました。店内は広くゆったりとできます。,2,20,51,2024-01-01 0:00:00,2024-01-01 0:00:00
228,名古屋では有名な格安で焼肉食べ放題のお店。タイミングよく仕事で行く機会があったので、地元の友人と一緒に来店しました。店内は広くゆったりとできます。,4,91,39,2024-01-01 0:00:00,2024-01-01 0:00:00
229,名古屋では有名な格安で焼肉食べ放題のお店。タイミングよく仕事で行く機会があったので、地元の友人と一緒に来店しました。店内は広くゆったりとできます。,2,46,69,2024-01-01 0:00:00,2024-01-01 0:00:00
230,名古屋では有名な格安で焼肉食べ放題のお店。タイミングよく仕事で行く機会があったので、地元の友人と一緒に来店しました。店内は広くゆったりとできます。,5,28,58,2024-01-01 0:00:00,2024-01-01 0:00:00
231,名古屋では有名な格安で焼肉食べ放題のお店。タイミングよく仕事で行く機会があったので、地元の友人と一緒に来店しました。店内は広くゆったりとできます。,4,52,55,2024-01-01 0:00:00,2024-01-01 0:00:00
232,名古屋では有名な格安で焼肉食べ放題のお店。タイミングよく仕事で行く機会があったので、地元の友人と一緒に来店しました。店内は広くゆったりとできます。,3,96,81,2024-01-01 0:00:00,2024-01-01 0:00:00
233,名古屋では有名な格安で焼肉食べ放題のお店。タイミングよく仕事で行く機会があったので、地元の友人と一緒に来店しました。店内は広くゆったりとできます。,4,91,81,2024-01-01 0:00:00,2024-01-01 0:00:00
234,名古屋では有名な格安で焼肉食べ放題のお店。タイミングよく仕事で行く機会があったので、地元の友人と一緒に来店しました。店内は広くゆったりとできます。,5,54,81,2024-01-01 0:00:00,2024-01-01 0:00:00
235,名古屋では有名な格安で焼肉食べ放題のお店。タイミングよく仕事で行く機会があったので、地元の友人と一緒に来店しました。店内は広くゆったりとできます。,5,18,45,2024-01-01 0:00:00,2024-01-01 0:00:00
236,名古屋では有名な格安で焼肉食べ放題のお店。タイミングよく仕事で行く機会があったので、地元の友人と一緒に来店しました。店内は広くゆったりとできます。,4,80,11,2024-01-01 0:00:00,2024-01-01 0:00:00
237,名古屋では有名な格安で焼肉食べ放題のお店。タイミングよく仕事で行く機会があったので、地元の友人と一緒に来店しました。店内は広くゆったりとできます。,2,100,48,2024-01-01 0:00:00,2024-01-01 0:00:00
238,名古屋では有名な格安で焼肉食べ放題のお店。タイミングよく仕事で行く機会があったので、地元の友人と一緒に来店しました。店内は広くゆったりとできます。,4,62,61,2024-01-01 0:00:00,2024-01-01 0:00:00
239,名古屋では有名な格安で焼肉食べ放題のお店。タイミングよく仕事で行く機会があったので、地元の友人と一緒に来店しました。店内は広くゆったりとできます。,3,2,36,2024-01-01 0:00:00,2024-01-01 0:00:00
240,名古屋では有名な格安で焼肉食べ放題のお店。タイミングよく仕事で行く機会があったので、地元の友人と一緒に来店しました。店内は広くゆったりとできます。,5,24,21,2024-01-01 0:00:00,2024-01-01 0:00:00
241,名古屋では有名な格安で焼肉食べ放題のお店。タイミングよく仕事で行く機会があったので、地元の友人と一緒に来店しました。店内は広くゆったりとできます。,1,37,15,2024-01-01 0:00:00,2024-01-01 0:00:00
242,名古屋では有名な格安で焼肉食べ放題のお店。タイミングよく仕事で行く機会があったので、地元の友人と一緒に来店しました。店内は広くゆったりとできます。,3,47,38,2024-01-01 0:00:00,2024-01-01 0:00:00
243,名古屋では有名な格安で焼肉食べ放題のお店。タイミングよく仕事で行く機会があったので、地元の友人と一緒に来店しました。店内は広くゆったりとできます。,2,55,82,2024-01-01 0:00:00,2024-01-01 0:00:00
244,名古屋では有名な格安で焼肉食べ放題のお店。タイミングよく仕事で行く機会があったので、地元の友人と一緒に来店しました。店内は広くゆったりとできます。,2,7,94,2024-01-01 0:00:00,2024-01-01 0:00:00
245,名古屋では有名な格安で焼肉食べ放題のお店。タイミングよく仕事で行く機会があったので、地元の友人と一緒に来店しました。店内は広くゆったりとできます。,2,17,41,2024-01-01 0:00:00,2024-01-01 0:00:00
246,名古屋では有名な格安で焼肉食べ放題のお店。タイミングよく仕事で行く機会があったので、地元の友人と一緒に来店しました。店内は広くゆったりとできます。,3,15,65,2024-01-01 0:00:00,2024-01-01 0:00:00
247,名古屋では有名な格安で焼肉食べ放題のお店。タイミングよく仕事で行く機会があったので、地元の友人と一緒に来店しました。店内は広くゆったりとできます。,4,39,45,2024-01-01 0:00:00,2024-01-01 0:00:00
248,名古屋では有名な格安で焼肉食べ放題のお店。タイミングよく仕事で行く機会があったので、地元の友人と一緒に来店しました。店内は広くゆったりとできます。,2,47,51,2024-01-01 0:00:00,2024-01-01 0:00:00
249,名古屋では有名な格安で焼肉食べ放題のお店。タイミングよく仕事で行く機会があったので、地元の友人と一緒に来店しました。店内は広くゆったりとできます。,1,52,94,2024-01-01 0:00:00,2024-01-01 0:00:00
250,名古屋では有名な格安で焼肉食べ放題のお店。タイミングよく仕事で行く機会があったので、地元の友人と一緒に来店しました。店内は広くゆったりとできます。,1,82,39,2024-01-01 0:00:00,2024-01-01 0:00:00
251,名古屋では有名な格安で焼肉食べ放題のお店。タイミングよく仕事で行く機会があったので、地元の友人と一緒に来店しました。店内は広くゆったりとできます。,2,15,78,2024-01-01 0:00:00,2024-01-01 0:00:00
252,名古屋では有名な格安で焼肉食べ放題のお店。タイミングよく仕事で行く機会があったので、地元の友人と一緒に来店しました。店内は広くゆったりとできます。,5,36,12,2024-01-01 0:00:00,2024-01-01 0:00:00
253,名古屋では有名な格安で焼肉食べ放題のお店。タイミングよく仕事で行く機会があったので、地元の友人と一緒に来店しました。店内は広くゆったりとできます。,3,24,47,2024-01-01 0:00:00,2024-01-01 0:00:00
254,名古屋では有名な格安で焼肉食べ放題のお店。タイミングよく仕事で行く機会があったので、地元の友人と一緒に来店しました。店内は広くゆったりとできます。,4,68,75,2024-01-01 0:00:00,2024-01-01 0:00:00
255,名古屋では有名な格安で焼肉食べ放題のお店。タイミングよく仕事で行く機会があったので、地元の友人と一緒に来店しました。店内は広くゆったりとできます。,5,64,96,2024-01-01 0:00:00,2024-01-01 0:00:00
256,名古屋では有名な格安で焼肉食べ放題のお店。タイミングよく仕事で行く機会があったので、地元の友人と一緒に来店しました。店内は広くゆったりとできます。,5,38,99,2024-01-01 0:00:00,2024-01-01 0:00:00
257,名古屋では有名な格安で焼肉食べ放題のお店。タイミングよく仕事で行く機会があったので、地元の友人と一緒に来店しました。店内は広くゆったりとできます。,4,24,74,2024-01-01 0:00:00,2024-01-01 0:00:00
258,名古屋では有名な格安で焼肉食べ放題のお店。タイミングよく仕事で行く機会があったので、地元の友人と一緒に来店しました。店内は広くゆったりとできます。,3,51,49,2024-01-01 0:00:00,2024-01-01 0:00:00
259,名古屋では有名な格安で焼肉食べ放題のお店。タイミングよく仕事で行く機会があったので、地元の友人と一緒に来店しました。店内は広くゆったりとできます。,1,54,52,2024-01-01 0:00:00,2024-01-01 0:00:00
260,名古屋では有名な格安で焼肉食べ放題のお店。タイミングよく仕事で行く機会があったので、地元の友人と一緒に来店しました。店内は広くゆったりとできます。,5,44,66,2024-01-01 0:00:00,2024-01-01 0:00:00
261,名古屋では有名な格安で焼肉食べ放題のお店。タイミングよく仕事で行く機会があったので、地元の友人と一緒に来店しました。店内は広くゆったりとできます。,4,100,4,2024-01-01 0:00:00,2024-01-01 0:00:00
262,名古屋では有名な格安で焼肉食べ放題のお店。タイミングよく仕事で行く機会があったので、地元の友人と一緒に来店しました。店内は広くゆったりとできます。,2,95,28,2024-01-01 0:00:00,2024-01-01 0:00:00
263,名古屋では有名な格安で焼肉食べ放題のお店。タイミングよく仕事で行く機会があったので、地元の友人と一緒に来店しました。店内は広くゆったりとできます。,5,37,5,2024-01-01 0:00:00,2024-01-01 0:00:00
264,名古屋では有名な格安で焼肉食べ放題のお店。タイミングよく仕事で行く機会があったので、地元の友人と一緒に来店しました。店内は広くゆったりとできます。,4,76,9,2024-01-01 0:00:00,2024-01-01 0:00:00
265,名古屋では有名な格安で焼肉食べ放題のお店。タイミングよく仕事で行く機会があったので、地元の友人と一緒に来店しました。店内は広くゆったりとできます。,3,43,91,2024-01-01 0:00:00,2024-01-01 0:00:00
266,名古屋では有名な格安で焼肉食べ放題のお店。タイミングよく仕事で行く機会があったので、地元の友人と一緒に来店しました。店内は広くゆったりとできます。,4,8,99,2024-01-01 0:00:00,2024-01-01 0:00:00
267,名古屋では有名な格安で焼肉食べ放題のお店。タイミングよく仕事で行く機会があったので、地元の友人と一緒に来店しました。店内は広くゆったりとできます。,4,93,81,2024-01-01 0:00:00,2024-01-01 0:00:00
268,名古屋では有名な格安で焼肉食べ放題のお店。タイミングよく仕事で行く機会があったので、地元の友人と一緒に来店しました。店内は広くゆったりとできます。,3,39,24,2024-01-01 0:00:00,2024-01-01 0:00:00
269,名古屋では有名な格安で焼肉食べ放題のお店。タイミングよく仕事で行く機会があったので、地元の友人と一緒に来店しました。店内は広くゆったりとできます。,2,98,85,2024-01-01 0:00:00,2024-01-01 0:00:00
270,名古屋では有名な格安で焼肉食べ放題のお店。タイミングよく仕事で行く機会があったので、地元の友人と一緒に来店しました。店内は広くゆったりとできます。,4,44,15,2024-01-01 0:00:00,2024-01-01 0:00:00
271,名古屋では有名な格安で焼肉食べ放題のお店。タイミングよく仕事で行く機会があったので、地元の友人と一緒に来店しました。店内は広くゆったりとできます。,4,92,13,2024-01-01 0:00:00,2024-01-01 0:00:00
272,名古屋では有名な格安で焼肉食べ放題のお店。タイミングよく仕事で行く機会があったので、地元の友人と一緒に来店しました。店内は広くゆったりとできます。,5,96,18,2024-01-01 0:00:00,2024-01-01 0:00:00
273,名古屋では有名な格安で焼肉食べ放題のお店。タイミングよく仕事で行く機会があったので、地元の友人と一緒に来店しました。店内は広くゆったりとできます。,2,73,18,2024-01-01 0:00:00,2024-01-01 0:00:00
274,名古屋では有名な格安で焼肉食べ放題のお店。タイミングよく仕事で行く機会があったので、地元の友人と一緒に来店しました。店内は広くゆったりとできます。,5,57,49,2024-01-01 0:00:00,2024-01-01 0:00:00
275,名古屋では有名な格安で焼肉食べ放題のお店。タイミングよく仕事で行く機会があったので、地元の友人と一緒に来店しました。店内は広くゆったりとできます。,5,46,66,2024-01-01 0:00:00,2024-01-01 0:00:00
276,名古屋では有名な格安で焼肉食べ放題のお店。タイミングよく仕事で行く機会があったので、地元の友人と一緒に来店しました。店内は広くゆったりとできます。,3,71,11,2024-01-01 0:00:00,2024-01-01 0:00:00
277,名古屋では有名な格安で焼肉食べ放題のお店。タイミングよく仕事で行く機会があったので、地元の友人と一緒に来店しました。店内は広くゆったりとできます。,1,44,85,2024-01-01 0:00:00,2024-01-01 0:00:00
278,名古屋では有名な格安で焼肉食べ放題のお店。タイミングよく仕事で行く機会があったので、地元の友人と一緒に来店しました。店内は広くゆったりとできます。,5,71,50,2024-01-01 0:00:00,2024-01-01 0:00:00
279,名古屋では有名な格安で焼肉食べ放題のお店。タイミングよく仕事で行く機会があったので、地元の友人と一緒に来店しました。店内は広くゆったりとできます。,1,90,34,2024-01-01 0:00:00,2024-01-01 0:00:00
280,名古屋では有名な格安で焼肉食べ放題のお店。タイミングよく仕事で行く機会があったので、地元の友人と一緒に来店しました。店内は広くゆったりとできます。,5,58,29,2024-01-01 0:00:00,2024-01-01 0:00:00
281,名古屋では有名な格安で焼肉食べ放題のお店。タイミングよく仕事で行く機会があったので、地元の友人と一緒に来店しました。店内は広くゆったりとできます。,1,46,50,2024-01-01 0:00:00,2024-01-01 0:00:00
282,名古屋では有名な格安で焼肉食べ放題のお店。タイミングよく仕事で行く機会があったので、地元の友人と一緒に来店しました。店内は広くゆったりとできます。,5,62,28,2024-01-01 0:00:00,2024-01-01 0:00:00
283,名古屋では有名な格安で焼肉食べ放題のお店。タイミングよく仕事で行く機会があったので、地元の友人と一緒に来店しました。店内は広くゆったりとできます。,3,2,2,2024-01-01 0:00:00,2024-01-01 0:00:00
284,名古屋では有名な格安で焼肉食べ放題のお店。タイミングよく仕事で行く機会があったので、地元の友人と一緒に来店しました。店内は広くゆったりとできます。,4,13,59,2024-01-01 0:00:00,2024-01-01 0:00:00
285,名古屋では有名な格安で焼肉食べ放題のお店。タイミングよく仕事で行く機会があったので、地元の友人と一緒に来店しました。店内は広くゆったりとできます。,3,11,69,2024-01-01 0:00:00,2024-01-01 0:00:00
286,名古屋では有名な格安で焼肉食べ放題のお店。タイミングよく仕事で行く機会があったので、地元の友人と一緒に来店しました。店内は広くゆったりとできます。,3,82,9,2024-01-01 0:00:00,2024-01-01 0:00:00
287,名古屋では有名な格安で焼肉食べ放題のお店。タイミングよく仕事で行く機会があったので、地元の友人と一緒に来店しました。店内は広くゆったりとできます。,2,77,18,2024-01-01 0:00:00,2024-01-01 0:00:00
288,名古屋では有名な格安で焼肉食べ放題のお店。タイミングよく仕事で行く機会があったので、地元の友人と一緒に来店しました。店内は広くゆったりとできます。,2,53,81,2024-01-01 0:00:00,2024-01-01 0:00:00
289,名古屋では有名な格安で焼肉食べ放題のお店。タイミングよく仕事で行く機会があったので、地元の友人と一緒に来店しました。店内は広くゆったりとできます。,2,18,62,2024-01-01 0:00:00,2024-01-01 0:00:00
290,名古屋では有名な格安で焼肉食べ放題のお店。タイミングよく仕事で行く機会があったので、地元の友人と一緒に来店しました。店内は広くゆったりとできます。,5,69,39,2024-01-01 0:00:00,2024-01-01 0:00:00
291,名古屋では有名な格安で焼肉食べ放題のお店。タイミングよく仕事で行く機会があったので、地元の友人と一緒に来店しました。店内は広くゆったりとできます。,5,99,50,2024-01-01 0:00:00,2024-01-01 0:00:00
292,名古屋では有名な格安で焼肉食べ放題のお店。タイミングよく仕事で行く機会があったので、地元の友人と一緒に来店しました。店内は広くゆったりとできます。,3,84,80,2024-01-01 0:00:00,2024-01-01 0:00:00
293,名古屋では有名な格安で焼肉食べ放題のお店。タイミングよく仕事で行く機会があったので、地元の友人と一緒に来店しました。店内は広くゆったりとできます。,5,54,47,2024-01-01 0:00:00,2024-01-01 0:00:00
294,名古屋では有名な格安で焼肉食べ放題のお店。タイミングよく仕事で行く機会があったので、地元の友人と一緒に来店しました。店内は広くゆったりとできます。,2,14,15,2024-01-01 0:00:00,2024-01-01 0:00:00
295,名古屋では有名な格安で焼肉食べ放題のお店。タイミングよく仕事で行く機会があったので、地元の友人と一緒に来店しました。店内は広くゆったりとできます。,4,17,98,2024-01-01 0:00:00,2024-01-01 0:00:00
296,名古屋では有名な格安で焼肉食べ放題のお店。タイミングよく仕事で行く機会があったので、地元の友人と一緒に来店しました。店内は広くゆったりとできます。,1,11,91,2024-01-01 0:00:00,2024-01-01 0:00:00
297,名古屋では有名な格安で焼肉食べ放題のお店。タイミングよく仕事で行く機会があったので、地元の友人と一緒に来店しました。店内は広くゆったりとできます。,3,42,39,2024-01-01 0:00:00,2024-01-01 0:00:00
298,名古屋では有名な格安で焼肉食べ放題のお店。タイミングよく仕事で行く機会があったので、地元の友人と一緒に来店しました。店内は広くゆったりとできます。,5,97,91,2024-01-01 0:00:00,2024-01-01 0:00:00
299,名古屋では有名な格安で焼肉食べ放題のお店。タイミングよく仕事で行く機会があったので、地元の友人と一緒に来店しました。店内は広くゆったりとできます。,4,6,90,2024-01-01 0:00:00,2024-01-01 0:00:00
300,名古屋では有名な格安で焼肉食べ放題のお店。タイミングよく仕事で行く機会があったので、地元の友人と一緒に来店しました。店内は広くゆったりとできます。,4,84,82,2024-01-01 0:00:00,2024-01-01 0:00:00
301,名古屋では有名な格安で焼肉食べ放題のお店。タイミングよく仕事で行く機会があったので、地元の友人と一緒に来店しました。店内は広くゆったりとできます。,2,85,9,2024-01-01 0:00:00,2024-01-01 0:00:00
302,名古屋では有名な格安で焼肉食べ放題のお店。タイミングよく仕事で行く機会があったので、地元の友人と一緒に来店しました。店内は広くゆったりとできます。,2,48,59,2024-01-01 0:00:00,2024-01-01 0:00:00
303,名古屋では有名な格安で焼肉食べ放題のお店。タイミングよく仕事で行く機会があったので、地元の友人と一緒に来店しました。店内は広くゆったりとできます。,5,48,50,2024-01-01 0:00:00,2024-01-01 0:00:00
304,名古屋では有名な格安で焼肉食べ放題のお店。タイミングよく仕事で行く機会があったので、地元の友人と一緒に来店しました。店内は広くゆったりとできます。,3,51,93,2024-01-01 0:00:00,2024-01-01 0:00:00
305,名古屋では有名な格安で焼肉食べ放題のお店。タイミングよく仕事で行く機会があったので、地元の友人と一緒に来店しました。店内は広くゆったりとできます。,1,19,64,2024-01-01 0:00:00,2024-01-01 0:00:00
306,名古屋では有名な格安で焼肉食べ放題のお店。タイミングよく仕事で行く機会があったので、地元の友人と一緒に来店しました。店内は広くゆったりとできます。,4,78,15,2024-01-01 0:00:00,2024-01-01 0:00:00
307,名古屋では有名な格安で焼肉食べ放題のお店。タイミングよく仕事で行く機会があったので、地元の友人と一緒に来店しました。店内は広くゆったりとできます。,3,28,17,2024-01-01 0:00:00,2024-01-01 0:00:00
308,名古屋では有名な格安で焼肉食べ放題のお店。タイミングよく仕事で行く機会があったので、地元の友人と一緒に来店しました。店内は広くゆったりとできます。,3,43,101,2024-01-01 0:00:00,2024-01-01 0:00:00
309,名古屋では有名な格安で焼肉食べ放題のお店。タイミングよく仕事で行く機会があったので、地元の友人と一緒に来店しました。店内は広くゆったりとできます。,2,73,9,2024-01-01 0:00:00,2024-01-01 0:00:00
310,名古屋では有名な格安で焼肉食べ放題のお店。タイミングよく仕事で行く機会があったので、地元の友人と一緒に来店しました。店内は広くゆったりとできます。,5,54,80,2024-01-01 0:00:00,2024-01-01 0:00:00
311,名古屋では有名な格安で焼肉食べ放題のお店。タイミングよく仕事で行く機会があったので、地元の友人と一緒に来店しました。店内は広くゆったりとできます。,4,45,64,2024-01-01 0:00:00,2024-01-01 0:00:00
312,名古屋では有名な格安で焼肉食べ放題のお店。タイミングよく仕事で行く機会があったので、地元の友人と一緒に来店しました。店内は広くゆったりとできます。,1,31,78,2024-01-01 0:00:00,2024-01-01 0:00:00
313,名古屋では有名な格安で焼肉食べ放題のお店。タイミングよく仕事で行く機会があったので、地元の友人と一緒に来店しました。店内は広くゆったりとできます。,2,43,77,2024-01-01 0:00:00,2024-01-01 0:00:00
314,名古屋では有名な格安で焼肉食べ放題のお店。タイミングよく仕事で行く機会があったので、地元の友人と一緒に来店しました。店内は広くゆったりとできます。,3,62,39,2024-01-01 0:00:00,2024-01-01 0:00:00
315,名古屋では有名な格安で焼肉食べ放題のお店。タイミングよく仕事で行く機会があったので、地元の友人と一緒に来店しました。店内は広くゆったりとできます。,5,48,70,2024-01-01 0:00:00,2024-01-01 0:00:00
316,名古屋では有名な格安で焼肉食べ放題のお店。タイミングよく仕事で行く機会があったので、地元の友人と一緒に来店しました。店内は広くゆったりとできます。,2,89,59,2024-01-01 0:00:00,2024-01-01 0:00:00
317,名古屋では有名な格安で焼肉食べ放題のお店。タイミングよく仕事で行く機会があったので、地元の友人と一緒に来店しました。店内は広くゆったりとできます。,5,60,89,2024-01-01 0:00:00,2024-01-01 0:00:00
318,名古屋では有名な格安で焼肉食べ放題のお店。タイミングよく仕事で行く機会があったので、地元の友人と一緒に来店しました。店内は広くゆったりとできます。,1,1,21,2024-01-01 0:00:00,2024-01-01 0:00:00
319,名古屋では有名な格安で焼肉食べ放題のお店。タイミングよく仕事で行く機会があったので、地元の友人と一緒に来店しました。店内は広くゆったりとできます。,3,62,97,2024-01-01 0:00:00,2024-01-01 0:00:00
320,名古屋では有名な格安で焼肉食べ放題のお店。タイミングよく仕事で行く機会があったので、地元の友人と一緒に来店しました。店内は広くゆったりとできます。,4,76,12,2024-01-01 0:00:00,2024-01-01 0:00:00
321,名古屋では有名な格安で焼肉食べ放題のお店。タイミングよく仕事で行く機会があったので、地元の友人と一緒に来店しました。店内は広くゆったりとできます。,3,65,33,2024-01-01 0:00:00,2024-01-01 0:00:00
322,名古屋では有名な格安で焼肉食べ放題のお店。タイミングよく仕事で行く機会があったので、地元の友人と一緒に来店しました。店内は広くゆったりとできます。,2,87,12,2024-01-01 0:00:00,2024-01-01 0:00:00
323,名古屋では有名な格安で焼肉食べ放題のお店。タイミングよく仕事で行く機会があったので、地元の友人と一緒に来店しました。店内は広くゆったりとできます。,3,62,98,2024-01-01 0:00:00,2024-01-01 0:00:00
324,名古屋では有名な格安で焼肉食べ放題のお店。タイミングよく仕事で行く機会があったので、地元の友人と一緒に来店しました。店内は広くゆったりとできます。,2,25,64,2024-01-01 0:00:00,2024-01-01 0:00:00
325,名古屋では有名な格安で焼肉食べ放題のお店。タイミングよく仕事で行く機会があったので、地元の友人と一緒に来店しました。店内は広くゆったりとできます。,2,48,29,2024-01-01 0:00:00,2024-01-01 0:00:00
326,名古屋では有名な格安で焼肉食べ放題のお店。タイミングよく仕事で行く機会があったので、地元の友人と一緒に来店しました。店内は広くゆったりとできます。,1,72,6,2024-01-01 0:00:00,2024-01-01 0:00:00
327,名古屋では有名な格安で焼肉食べ放題のお店。タイミングよく仕事で行く機会があったので、地元の友人と一緒に来店しました。店内は広くゆったりとできます。,2,3,18,2024-01-01 0:00:00,2024-01-01 0:00:00
328,名古屋では有名な格安で焼肉食べ放題のお店。タイミングよく仕事で行く機会があったので、地元の友人と一緒に来店しました。店内は広くゆったりとできます。,3,41,40,2024-01-01 0:00:00,2024-01-01 0:00:00
329,名古屋では有名な格安で焼肉食べ放題のお店。タイミングよく仕事で行く機会があったので、地元の友人と一緒に来店しました。店内は広くゆったりとできます。,3,12,90,2024-01-01 0:00:00,2024-01-01 0:00:00
330,名古屋では有名な格安で焼肉食べ放題のお店。タイミングよく仕事で行く機会があったので、地元の友人と一緒に来店しました。店内は広くゆったりとできます。,1,80,97,2024-01-01 0:00:00,2024-01-01 0:00:00
331,名古屋では有名な格安で焼肉食べ放題のお店。タイミングよく仕事で行く機会があったので、地元の友人と一緒に来店しました。店内は広くゆったりとできます。,5,24,66,2024-01-01 0:00:00,2024-01-01 0:00:00
332,名古屋では有名な格安で焼肉食べ放題のお店。タイミングよく仕事で行く機会があったので、地元の友人と一緒に来店しました。店内は広くゆったりとできます。,1,61,15,2024-01-01 0:00:00,2024-01-01 0:00:00
333,名古屋では有名な格安で焼肉食べ放題のお店。タイミングよく仕事で行く機会があったので、地元の友人と一緒に来店しました。店内は広くゆったりとできます。,1,39,85,2024-01-01 0:00:00,2024-01-01 0:00:00
334,名古屋では有名な格安で焼肉食べ放題のお店。タイミングよく仕事で行く機会があったので、地元の友人と一緒に来店しました。店内は広くゆったりとできます。,3,3,79,2024-01-01 0:00:00,2024-01-01 0:00:00
335,名古屋では有名な格安で焼肉食べ放題のお店。タイミングよく仕事で行く機会があったので、地元の友人と一緒に来店しました。店内は広くゆったりとできます。,2,55,57,2024-01-01 0:00:00,2024-01-01 0:00:00
336,名古屋では有名な格安で焼肉食べ放題のお店。タイミングよく仕事で行く機会があったので、地元の友人と一緒に来店しました。店内は広くゆったりとできます。,2,96,64,2024-01-01 0:00:00,2024-01-01 0:00:00
337,名古屋では有名な格安で焼肉食べ放題のお店。タイミングよく仕事で行く機会があったので、地元の友人と一緒に来店しました。店内は広くゆったりとできます。,4,50,61,2024-01-01 0:00:00,2024-01-01 0:00:00
338,名古屋では有名な格安で焼肉食べ放題のお店。タイミングよく仕事で行く機会があったので、地元の友人と一緒に来店しました。店内は広くゆったりとできます。,5,95,52,2024-01-01 0:00:00,2024-01-01 0:00:00
339,名古屋では有名な格安で焼肉食べ放題のお店。タイミングよく仕事で行く機会があったので、地元の友人と一緒に来店しました。店内は広くゆったりとできます。,4,86,5,2024-01-01 0:00:00,2024-01-01 0:00:00
340,名古屋では有名な格安で焼肉食べ放題のお店。タイミングよく仕事で行く機会があったので、地元の友人と一緒に来店しました。店内は広くゆったりとできます。,1,73,79,2024-01-01 0:00:00,2024-01-01 0:00:00
341,名古屋では有名な格安で焼肉食べ放題のお店。タイミングよく仕事で行く機会があったので、地元の友人と一緒に来店しました。店内は広くゆったりとできます。,5,89,61,2024-01-01 0:00:00,2024-01-01 0:00:00
342,名古屋では有名な格安で焼肉食べ放題のお店。タイミングよく仕事で行く機会があったので、地元の友人と一緒に来店しました。店内は広くゆったりとできます。,1,20,69,2024-01-01 0:00:00,2024-01-01 0:00:00
343,名古屋では有名な格安で焼肉食べ放題のお店。タイミングよく仕事で行く機会があったので、地元の友人と一緒に来店しました。店内は広くゆったりとできます。,4,24,51,2024-01-01 0:00:00,2024-01-01 0:00:00
344,名古屋では有名な格安で焼肉食べ放題のお店。タイミングよく仕事で行く機会があったので、地元の友人と一緒に来店しました。店内は広くゆったりとできます。,1,46,14,2024-01-01 0:00:00,2024-01-01 0:00:00
345,名古屋では有名な格安で焼肉食べ放題のお店。タイミングよく仕事で行く機会があったので、地元の友人と一緒に来店しました。店内は広くゆったりとできます。,5,90,52,2024-01-01 0:00:00,2024-01-01 0:00:00
346,名古屋では有名な格安で焼肉食べ放題のお店。タイミングよく仕事で行く機会があったので、地元の友人と一緒に来店しました。店内は広くゆったりとできます。,3,26,78,2024-01-01 0:00:00,2024-01-01 0:00:00
347,名古屋では有名な格安で焼肉食べ放題のお店。タイミングよく仕事で行く機会があったので、地元の友人と一緒に来店しました。店内は広くゆったりとできます。,5,99,83,2024-01-01 0:00:00,2024-01-01 0:00:00
348,名古屋では有名な格安で焼肉食べ放題のお店。タイミングよく仕事で行く機会があったので、地元の友人と一緒に来店しました。店内は広くゆったりとできます。,5,83,11,2024-01-01 0:00:00,2024-01-01 0:00:00
349,名古屋では有名な格安で焼肉食べ放題のお店。タイミングよく仕事で行く機会があったので、地元の友人と一緒に来店しました。店内は広くゆったりとできます。,3,100,84,2024-01-01 0:00:00,2024-01-01 0:00:00
350,名古屋では有名な格安で焼肉食べ放題のお店。タイミングよく仕事で行く機会があったので、地元の友人と一緒に来店しました。店内は広くゆったりとできます。,5,33,9,2024-01-01 0:00:00,2024-01-01 0:00:00
351,名古屋では有名な格安で焼肉食べ放題のお店。タイミングよく仕事で行く機会があったので、地元の友人と一緒に来店しました。店内は広くゆったりとできます。,3,41,23,2024-01-01 0:00:00,2024-01-01 0:00:00
352,名古屋では有名な格安で焼肉食べ放題のお店。タイミングよく仕事で行く機会があったので、地元の友人と一緒に来店しました。店内は広くゆったりとできます。,3,13,63,2024-01-01 0:00:00,2024-01-01 0:00:00
353,名古屋では有名な格安で焼肉食べ放題のお店。タイミングよく仕事で行く機会があったので、地元の友人と一緒に来店しました。店内は広くゆったりとできます。,4,17,34,2024-01-01 0:00:00,2024-01-01 0:00:00
354,名古屋では有名な格安で焼肉食べ放題のお店。タイミングよく仕事で行く機会があったので、地元の友人と一緒に来店しました。店内は広くゆったりとできます。,1,87,4,2024-01-01 0:00:00,2024-01-01 0:00:00
355,名古屋では有名な格安で焼肉食べ放題のお店。タイミングよく仕事で行く機会があったので、地元の友人と一緒に来店しました。店内は広くゆったりとできます。,4,6,17,2024-01-01 0:00:00,2024-01-01 0:00:00
356,名古屋では有名な格安で焼肉食べ放題のお店。タイミングよく仕事で行く機会があったので、地元の友人と一緒に来店しました。店内は広くゆったりとできます。,3,5,86,2024-01-01 0:00:00,2024-01-01 0:00:00
357,名古屋では有名な格安で焼肉食べ放題のお店。タイミングよく仕事で行く機会があったので、地元の友人と一緒に来店しました。店内は広くゆったりとできます。,4,87,99,2024-01-01 0:00:00,2024-01-01 0:00:00
358,名古屋では有名な格安で焼肉食べ放題のお店。タイミングよく仕事で行く機会があったので、地元の友人と一緒に来店しました。店内は広くゆったりとできます。,5,86,93,2024-01-01 0:00:00,2024-01-01 0:00:00
359,名古屋では有名な格安で焼肉食べ放題のお店。タイミングよく仕事で行く機会があったので、地元の友人と一緒に来店しました。店内は広くゆったりとできます。,1,58,97,2024-01-01 0:00:00,2024-01-01 0:00:00
360,名古屋では有名な格安で焼肉食べ放題のお店。タイミングよく仕事で行く機会があったので、地元の友人と一緒に来店しました。店内は広くゆったりとできます。,5,8,76,2024-01-01 0:00:00,2024-01-01 0:00:00
361,名古屋では有名な格安で焼肉食べ放題のお店。タイミングよく仕事で行く機会があったので、地元の友人と一緒に来店しました。店内は広くゆったりとできます。,2,35,56,2024-01-01 0:00:00,2024-01-01 0:00:00
362,名古屋では有名な格安で焼肉食べ放題のお店。タイミングよく仕事で行く機会があったので、地元の友人と一緒に来店しました。店内は広くゆったりとできます。,4,97,33,2024-01-01 0:00:00,2024-01-01 0:00:00
363,名古屋では有名な格安で焼肉食べ放題のお店。タイミングよく仕事で行く機会があったので、地元の友人と一緒に来店しました。店内は広くゆったりとできます。,3,100,6,2024-01-01 0:00:00,2024-01-01 0:00:00
364,名古屋では有名な格安で焼肉食べ放題のお店。タイミングよく仕事で行く機会があったので、地元の友人と一緒に来店しました。店内は広くゆったりとできます。,1,45,14,2024-01-01 0:00:00,2024-01-01 0:00:00
365,名古屋では有名な格安で焼肉食べ放題のお店。タイミングよく仕事で行く機会があったので、地元の友人と一緒に来店しました。店内は広くゆったりとできます。,5,69,70,2024-01-01 0:00:00,2024-01-01 0:00:00
366,名古屋では有名な格安で焼肉食べ放題のお店。タイミングよく仕事で行く機会があったので、地元の友人と一緒に来店しました。店内は広くゆったりとできます。,2,85,30,2024-01-01 0:00:00,2024-01-01 0:00:00
367,名古屋では有名な格安で焼肉食べ放題のお店。タイミングよく仕事で行く機会があったので、地元の友人と一緒に来店しました。店内は広くゆったりとできます。,5,57,67,2024-01-01 0:00:00,2024-01-01 0:00:00
368,名古屋では有名な格安で焼肉食べ放題のお店。タイミングよく仕事で行く機会があったので、地元の友人と一緒に来店しました。店内は広くゆったりとできます。,5,73,15,2024-01-01 0:00:00,2024-01-01 0:00:00
369,名古屋では有名な格安で焼肉食べ放題のお店。タイミングよく仕事で行く機会があったので、地元の友人と一緒に来店しました。店内は広くゆったりとできます。,5,2,34,2024-01-01 0:00:00,2024-01-01 0:00:00
370,名古屋では有名な格安で焼肉食べ放題のお店。タイミングよく仕事で行く機会があったので、地元の友人と一緒に来店しました。店内は広くゆったりとできます。,1,5,53,2024-01-01 0:00:00,2024-01-01 0:00:00
371,名古屋では有名な格安で焼肉食べ放題のお店。タイミングよく仕事で行く機会があったので、地元の友人と一緒に来店しました。店内は広くゆったりとできます。,4,7,96,2024-01-01 0:00:00,2024-01-01 0:00:00
372,名古屋では有名な格安で焼肉食べ放題のお店。タイミングよく仕事で行く機会があったので、地元の友人と一緒に来店しました。店内は広くゆったりとできます。,5,75,37,2024-01-01 0:00:00,2024-01-01 0:00:00
373,名古屋では有名な格安で焼肉食べ放題のお店。タイミングよく仕事で行く機会があったので、地元の友人と一緒に来店しました。店内は広くゆったりとできます。,4,60,5,2024-01-01 0:00:00,2024-01-01 0:00:00
374,名古屋では有名な格安で焼肉食べ放題のお店。タイミングよく仕事で行く機会があったので、地元の友人と一緒に来店しました。店内は広くゆったりとできます。,1,86,68,2024-01-01 0:00:00,2024-01-01 0:00:00
375,名古屋では有名な格安で焼肉食べ放題のお店。タイミングよく仕事で行く機会があったので、地元の友人と一緒に来店しました。店内は広くゆったりとできます。,5,100,67,2024-01-01 0:00:00,2024-01-01 0:00:00
376,名古屋では有名な格安で焼肉食べ放題のお店。タイミングよく仕事で行く機会があったので、地元の友人と一緒に来店しました。店内は広くゆったりとできます。,4,67,97,2024-01-01 0:00:00,2024-01-01 0:00:00
377,名古屋では有名な格安で焼肉食べ放題のお店。タイミングよく仕事で行く機会があったので、地元の友人と一緒に来店しました。店内は広くゆったりとできます。,1,69,68,2024-01-01 0:00:00,2024-01-01 0:00:00
378,名古屋では有名な格安で焼肉食べ放題のお店。タイミングよく仕事で行く機会があったので、地元の友人と一緒に来店しました。店内は広くゆったりとできます。,4,52,96,2024-01-01 0:00:00,2024-01-01 0:00:00
379,名古屋では有名な格安で焼肉食べ放題のお店。タイミングよく仕事で行く機会があったので、地元の友人と一緒に来店しました。店内は広くゆったりとできます。,3,61,27,2024-01-01 0:00:00,2024-01-01 0:00:00
380,名古屋では有名な格安で焼肉食べ放題のお店。タイミングよく仕事で行く機会があったので、地元の友人と一緒に来店しました。店内は広くゆったりとできます。,3,43,60,2024-01-01 0:00:00,2024-01-01 0:00:00
381,名古屋では有名な格安で焼肉食べ放題のお店。タイミングよく仕事で行く機会があったので、地元の友人と一緒に来店しました。店内は広くゆったりとできます。,1,91,87,2024-01-01 0:00:00,2024-01-01 0:00:00
382,名古屋では有名な格安で焼肉食べ放題のお店。タイミングよく仕事で行く機会があったので、地元の友人と一緒に来店しました。店内は広くゆったりとできます。,1,26,97,2024-01-01 0:00:00,2024-01-01 0:00:00
383,名古屋では有名な格安で焼肉食べ放題のお店。タイミングよく仕事で行く機会があったので、地元の友人と一緒に来店しました。店内は広くゆったりとできます。,5,88,70,2024-01-01 0:00:00,2024-01-01 0:00:00
384,名古屋では有名な格安で焼肉食べ放題のお店。タイミングよく仕事で行く機会があったので、地元の友人と一緒に来店しました。店内は広くゆったりとできます。,1,74,29,2024-01-01 0:00:00,2024-01-01 0:00:00
385,名古屋では有名な格安で焼肉食べ放題のお店。タイミングよく仕事で行く機会があったので、地元の友人と一緒に来店しました。店内は広くゆったりとできます。,2,29,89,2024-01-01 0:00:00,2024-01-01 0:00:00
386,名古屋では有名な格安で焼肉食べ放題のお店。タイミングよく仕事で行く機会があったので、地元の友人と一緒に来店しました。店内は広くゆったりとできます。,5,81,24,2024-01-01 0:00:00,2024-01-01 0:00:00
387,名古屋では有名な格安で焼肉食べ放題のお店。タイミングよく仕事で行く機会があったので、地元の友人と一緒に来店しました。店内は広くゆったりとできます。,3,8,46,2024-01-01 0:00:00,2024-01-01 0:00:00
388,名古屋では有名な格安で焼肉食べ放題のお店。タイミングよく仕事で行く機会があったので、地元の友人と一緒に来店しました。店内は広くゆったりとできます。,2,72,6,2024-01-01 0:00:00,2024-01-01 0:00:00
389,名古屋では有名な格安で焼肉食べ放題のお店。タイミングよく仕事で行く機会があったので、地元の友人と一緒に来店しました。店内は広くゆったりとできます。,1,6,39,2024-01-01 0:00:00,2024-01-01 0:00:00
390,名古屋では有名な格安で焼肉食べ放題のお店。タイミングよく仕事で行く機会があったので、地元の友人と一緒に来店しました。店内は広くゆったりとできます。,2,75,33,2024-01-01 0:00:00,2024-01-01 0:00:00
391,名古屋では有名な格安で焼肉食べ放題のお店。タイミングよく仕事で行く機会があったので、地元の友人と一緒に来店しました。店内は広くゆったりとできます。,4,82,80,2024-01-01 0:00:00,2024-01-01 0:00:00
392,名古屋では有名な格安で焼肉食べ放題のお店。タイミングよく仕事で行く機会があったので、地元の友人と一緒に来店しました。店内は広くゆったりとできます。,5,8,16,2024-01-01 0:00:00,2024-01-01 0:00:00
393,名古屋では有名な格安で焼肉食べ放題のお店。タイミングよく仕事で行く機会があったので、地元の友人と一緒に来店しました。店内は広くゆったりとできます。,4,57,55,2024-01-01 0:00:00,2024-01-01 0:00:00
394,名古屋では有名な格安で焼肉食べ放題のお店。タイミングよく仕事で行く機会があったので、地元の友人と一緒に来店しました。店内は広くゆったりとできます。,5,9,64,2024-01-01 0:00:00,2024-01-01 0:00:00
395,名古屋では有名な格安で焼肉食べ放題のお店。タイミングよく仕事で行く機会があったので、地元の友人と一緒に来店しました。店内は広くゆったりとできます。,3,5,79,2024-01-01 0:00:00,2024-01-01 0:00:00
396,名古屋では有名な格安で焼肉食べ放題のお店。タイミングよく仕事で行く機会があったので、地元の友人と一緒に来店しました。店内は広くゆったりとできます。,5,5,96,2024-01-01 0:00:00,2024-01-01 0:00:00
397,名古屋では有名な格安で焼肉食べ放題のお店。タイミングよく仕事で行く機会があったので、地元の友人と一緒に来店しました。店内は広くゆったりとできます。,3,52,69,2024-01-01 0:00:00,2024-01-01 0:00:00
398,名古屋では有名な格安で焼肉食べ放題のお店。タイミングよく仕事で行く機会があったので、地元の友人と一緒に来店しました。店内は広くゆったりとできます。,4,52,67,2024-01-01 0:00:00,2024-01-01 0:00:00
399,名古屋では有名な格安で焼肉食べ放題のお店。タイミングよく仕事で行く機会があったので、地元の友人と一緒に来店しました。店内は広くゆったりとできます。,2,63,101,2024-01-01 0:00:00,2024-01-01 0:00:00
400,名古屋では有名な格安で焼肉食べ放題のお店。タイミングよく仕事で行く機会があったので、地元の友人と一緒に来店しました。店内は広くゆったりとできます。,4,45,56,2024-01-01 0:00:00,2024-01-01 0:00:00
401,名古屋では有名な格安で焼肉食べ放題のお店。タイミングよく仕事で行く機会があったので、地元の友人と一緒に来店しました。店内は広くゆったりとできます。,4,28,39,2024-01-01 0:00:00,2024-01-01 0:00:00
402,名古屋では有名な格安で焼肉食べ放題のお店。タイミングよく仕事で行く機会があったので、地元の友人と一緒に来店しました。店内は広くゆったりとできます。,2,6,60,2024-01-01 0:00:00,2024-01-01 0:00:00
403,名古屋では有名な格安で焼肉食べ放題のお店。タイミングよく仕事で行く機会があったので、地元の友人と一緒に来店しました。店内は広くゆったりとできます。,5,92,20,2024-01-01 0:00:00,2024-01-01 0:00:00
404,名古屋では有名な格安で焼肉食べ放題のお店。タイミングよく仕事で行く機会があったので、地元の友人と一緒に来店しました。店内は広くゆったりとできます。,4,32,73,2024-01-01 0:00:00,2024-01-01 0:00:00
405,名古屋では有名な格安で焼肉食べ放題のお店。タイミングよく仕事で行く機会があったので、地元の友人と一緒に来店しました。店内は広くゆったりとできます。,1,75,15,2024-01-01 0:00:00,2024-01-01 0:00:00
406,名古屋では有名な格安で焼肉食べ放題のお店。タイミングよく仕事で行く機会があったので、地元の友人と一緒に来店しました。店内は広くゆったりとできます。,2,38,42,2024-01-01 0:00:00,2024-01-01 0:00:00
407,名古屋では有名な格安で焼肉食べ放題のお店。タイミングよく仕事で行く機会があったので、地元の友人と一緒に来店しました。店内は広くゆったりとできます。,1,60,5,2024-01-01 0:00:00,2024-01-01 0:00:00
408,名古屋では有名な格安で焼肉食べ放題のお店。タイミングよく仕事で行く機会があったので、地元の友人と一緒に来店しました。店内は広くゆったりとできます。,4,74,14,2024-01-01 0:00:00,2024-01-01 0:00:00
409,名古屋では有名な格安で焼肉食べ放題のお店。タイミングよく仕事で行く機会があったので、地元の友人と一緒に来店しました。店内は広くゆったりとできます。,5,53,81,2024-01-01 0:00:00,2024-01-01 0:00:00
410,名古屋では有名な格安で焼肉食べ放題のお店。タイミングよく仕事で行く機会があったので、地元の友人と一緒に来店しました。店内は広くゆったりとできます。,3,9,61,2024-01-01 0:00:00,2024-01-01 0:00:00
411,名古屋では有名な格安で焼肉食べ放題のお店。タイミングよく仕事で行く機会があったので、地元の友人と一緒に来店しました。店内は広くゆったりとできます。,5,36,67,2024-01-01 0:00:00,2024-01-01 0:00:00
412,名古屋では有名な格安で焼肉食べ放題のお店。タイミングよく仕事で行く機会があったので、地元の友人と一緒に来店しました。店内は広くゆったりとできます。,2,60,6,2024-01-01 0:00:00,2024-01-01 0:00:00
413,名古屋では有名な格安で焼肉食べ放題のお店。タイミングよく仕事で行く機会があったので、地元の友人と一緒に来店しました。店内は広くゆったりとできます。,2,44,14,2024-01-01 0:00:00,2024-01-01 0:00:00
414,名古屋では有名な格安で焼肉食べ放題のお店。タイミングよく仕事で行く機会があったので、地元の友人と一緒に来店しました。店内は広くゆったりとできます。,1,6,35,2024-01-01 0:00:00,2024-01-01 0:00:00
415,名古屋では有名な格安で焼肉食べ放題のお店。タイミングよく仕事で行く機会があったので、地元の友人と一緒に来店しました。店内は広くゆったりとできます。,2,66,37,2024-01-01 0:00:00,2024-01-01 0:00:00
416,名古屋では有名な格安で焼肉食べ放題のお店。タイミングよく仕事で行く機会があったので、地元の友人と一緒に来店しました。店内は広くゆったりとできます。,5,3,84,2024-01-01 0:00:00,2024-01-01 0:00:00
417,名古屋では有名な格安で焼肉食べ放題のお店。タイミングよく仕事で行く機会があったので、地元の友人と一緒に来店しました。店内は広くゆったりとできます。,1,35,24,2024-01-01 0:00:00,2024-01-01 0:00:00
418,名古屋では有名な格安で焼肉食べ放題のお店。タイミングよく仕事で行く機会があったので、地元の友人と一緒に来店しました。店内は広くゆったりとできます。,2,71,90,2024-01-01 0:00:00,2024-01-01 0:00:00
419,名古屋では有名な格安で焼肉食べ放題のお店。タイミングよく仕事で行く機会があったので、地元の友人と一緒に来店しました。店内は広くゆったりとできます。,4,38,97,2024-01-01 0:00:00,2024-01-01 0:00:00
420,名古屋では有名な格安で焼肉食べ放題のお店。タイミングよく仕事で行く機会があったので、地元の友人と一緒に来店しました。店内は広くゆったりとできます。,4,28,62,2024-01-01 0:00:00,2024-01-01 0:00:00
421,名古屋では有名な格安で焼肉食べ放題のお店。タイミングよく仕事で行く機会があったので、地元の友人と一緒に来店しました。店内は広くゆったりとできます。,3,99,56,2024-01-01 0:00:00,2024-01-01 0:00:00
422,名古屋では有名な格安で焼肉食べ放題のお店。タイミングよく仕事で行く機会があったので、地元の友人と一緒に来店しました。店内は広くゆったりとできます。,3,69,59,2024-01-01 0:00:00,2024-01-01 0:00:00
423,名古屋では有名な格安で焼肉食べ放題のお店。タイミングよく仕事で行く機会があったので、地元の友人と一緒に来店しました。店内は広くゆったりとできます。,3,88,18,2024-01-01 0:00:00,2024-01-01 0:00:00
424,名古屋では有名な格安で焼肉食べ放題のお店。タイミングよく仕事で行く機会があったので、地元の友人と一緒に来店しました。店内は広くゆったりとできます。,4,86,25,2024-01-01 0:00:00,2024-01-01 0:00:00
425,名古屋では有名な格安で焼肉食べ放題のお店。タイミングよく仕事で行く機会があったので、地元の友人と一緒に来店しました。店内は広くゆったりとできます。,1,38,34,2024-01-01 0:00:00,2024-01-01 0:00:00
426,名古屋では有名な格安で焼肉食べ放題のお店。タイミングよく仕事で行く機会があったので、地元の友人と一緒に来店しました。店内は広くゆったりとできます。,1,73,12,2024-01-01 0:00:00,2024-01-01 0:00:00
427,名古屋では有名な格安で焼肉食べ放題のお店。タイミングよく仕事で行く機会があったので、地元の友人と一緒に来店しました。店内は広くゆったりとできます。,5,14,10,2024-01-01 0:00:00,2024-01-01 0:00:00
428,名古屋では有名な格安で焼肉食べ放題のお店。タイミングよく仕事で行く機会があったので、地元の友人と一緒に来店しました。店内は広くゆったりとできます。,5,12,8,2024-01-01 0:00:00,2024-01-01 0:00:00
429,名古屋では有名な格安で焼肉食べ放題のお店。タイミングよく仕事で行く機会があったので、地元の友人と一緒に来店しました。店内は広くゆったりとできます。,2,23,16,2024-01-01 0:00:00,2024-01-01 0:00:00
430,名古屋では有名な格安で焼肉食べ放題のお店。タイミングよく仕事で行く機会があったので、地元の友人と一緒に来店しました。店内は広くゆったりとできます。,2,88,99,2024-01-01 0:00:00,2024-01-01 0:00:00
431,名古屋では有名な格安で焼肉食べ放題のお店。タイミングよく仕事で行く機会があったので、地元の友人と一緒に来店しました。店内は広くゆったりとできます。,5,62,15,2024-01-01 0:00:00,2024-01-01 0:00:00
432,名古屋では有名な格安で焼肉食べ放題のお店。タイミングよく仕事で行く機会があったので、地元の友人と一緒に来店しました。店内は広くゆったりとできます。,2,79,86,2024-01-01 0:00:00,2024-01-01 0:00:00
433,名古屋では有名な格安で焼肉食べ放題のお店。タイミングよく仕事で行く機会があったので、地元の友人と一緒に来店しました。店内は広くゆったりとできます。,5,28,3,2024-01-01 0:00:00,2024-01-01 0:00:00
434,名古屋では有名な格安で焼肉食べ放題のお店。タイミングよく仕事で行く機会があったので、地元の友人と一緒に来店しました。店内は広くゆったりとできます。,5,47,14,2024-01-01 0:00:00,2024-01-01 0:00:00
435,名古屋では有名な格安で焼肉食べ放題のお店。タイミングよく仕事で行く機会があったので、地元の友人と一緒に来店しました。店内は広くゆったりとできます。,4,78,92,2024-01-01 0:00:00,2024-01-01 0:00:00
436,名古屋では有名な格安で焼肉食べ放題のお店。タイミングよく仕事で行く機会があったので、地元の友人と一緒に来店しました。店内は広くゆったりとできます。,5,77,16,2024-01-01 0:00:00,2024-01-01 0:00:00
437,名古屋では有名な格安で焼肉食べ放題のお店。タイミングよく仕事で行く機会があったので、地元の友人と一緒に来店しました。店内は広くゆったりとできます。,3,52,97,2024-01-01 0:00:00,2024-01-01 0:00:00
438,名古屋では有名な格安で焼肉食べ放題のお店。タイミングよく仕事で行く機会があったので、地元の友人と一緒に来店しました。店内は広くゆったりとできます。,1,49,39,2024-01-01 0:00:00,2024-01-01 0:00:00
439,名古屋では有名な格安で焼肉食べ放題のお店。タイミングよく仕事で行く機会があったので、地元の友人と一緒に来店しました。店内は広くゆったりとできます。,5,88,34,2024-01-01 0:00:00,2024-01-01 0:00:00
440,名古屋では有名な格安で焼肉食べ放題のお店。タイミングよく仕事で行く機会があったので、地元の友人と一緒に来店しました。店内は広くゆったりとできます。,3,54,43,2024-01-01 0:00:00,2024-01-01 0:00:00
441,名古屋では有名な格安で焼肉食べ放題のお店。タイミングよく仕事で行く機会があったので、地元の友人と一緒に来店しました。店内は広くゆったりとできます。,4,56,50,2024-01-01 0:00:00,2024-01-01 0:00:00
442,名古屋では有名な格安で焼肉食べ放題のお店。タイミングよく仕事で行く機会があったので、地元の友人と一緒に来店しました。店内は広くゆったりとできます。,2,36,74,2024-01-01 0:00:00,2024-01-01 0:00:00
443,名古屋では有名な格安で焼肉食べ放題のお店。タイミングよく仕事で行く機会があったので、地元の友人と一緒に来店しました。店内は広くゆったりとできます。,5,78,71,2024-01-01 0:00:00,2024-01-01 0:00:00
444,名古屋では有名な格安で焼肉食べ放題のお店。タイミングよく仕事で行く機会があったので、地元の友人と一緒に来店しました。店内は広くゆったりとできます。,5,56,63,2024-01-01 0:00:00,2024-01-01 0:00:00
445,名古屋では有名な格安で焼肉食べ放題のお店。タイミングよく仕事で行く機会があったので、地元の友人と一緒に来店しました。店内は広くゆったりとできます。,1,87,92,2024-01-01 0:00:00,2024-01-01 0:00:00
446,名古屋では有名な格安で焼肉食べ放題のお店。タイミングよく仕事で行く機会があったので、地元の友人と一緒に来店しました。店内は広くゆったりとできます。,1,50,92,2024-01-01 0:00:00,2024-01-01 0:00:00
447,名古屋では有名な格安で焼肉食べ放題のお店。タイミングよく仕事で行く機会があったので、地元の友人と一緒に来店しました。店内は広くゆったりとできます。,1,99,29,2024-01-01 0:00:00,2024-01-01 0:00:00
448,名古屋では有名な格安で焼肉食べ放題のお店。タイミングよく仕事で行く機会があったので、地元の友人と一緒に来店しました。店内は広くゆったりとできます。,4,62,42,2024-01-01 0:00:00,2024-01-01 0:00:00
449,名古屋では有名な格安で焼肉食べ放題のお店。タイミングよく仕事で行く機会があったので、地元の友人と一緒に来店しました。店内は広くゆったりとできます。,5,93,15,2024-01-01 0:00:00,2024-01-01 0:00:00
450,名古屋では有名な格安で焼肉食べ放題のお店。タイミングよく仕事で行く機会があったので、地元の友人と一緒に来店しました。店内は広くゆったりとできます。,5,78,58,2024-01-01 0:00:00,2024-01-01 0:00:00
451,名古屋では有名な格安で焼肉食べ放題のお店。タイミングよく仕事で行く機会があったので、地元の友人と一緒に来店しました。店内は広くゆったりとできます。,2,7,10,2024-01-01 0:00:00,2024-01-01 0:00:00
452,名古屋では有名な格安で焼肉食べ放題のお店。タイミングよく仕事で行く機会があったので、地元の友人と一緒に来店しました。店内は広くゆったりとできます。,4,83,27,2024-01-01 0:00:00,2024-01-01 0:00:00
453,名古屋では有名な格安で焼肉食べ放題のお店。タイミングよく仕事で行く機会があったので、地元の友人と一緒に来店しました。店内は広くゆったりとできます。,2,38,62,2024-01-01 0:00:00,2024-01-01 0:00:00
454,名古屋では有名な格安で焼肉食べ放題のお店。タイミングよく仕事で行く機会があったので、地元の友人と一緒に来店しました。店内は広くゆったりとできます。,3,71,30,2024-01-01 0:00:00,2024-01-01 0:00:00
455,名古屋では有名な格安で焼肉食べ放題のお店。タイミングよく仕事で行く機会があったので、地元の友人と一緒に来店しました。店内は広くゆったりとできます。,5,20,32,2024-01-01 0:00:00,2024-01-01 0:00:00
456,名古屋では有名な格安で焼肉食べ放題のお店。タイミングよく仕事で行く機会があったので、地元の友人と一緒に来店しました。店内は広くゆったりとできます。,4,27,22,2024-01-01 0:00:00,2024-01-01 0:00:00
457,名古屋では有名な格安で焼肉食べ放題のお店。タイミングよく仕事で行く機会があったので、地元の友人と一緒に来店しました。店内は広くゆったりとできます。,5,16,74,2024-01-01 0:00:00,2024-01-01 0:00:00
458,名古屋では有名な格安で焼肉食べ放題のお店。タイミングよく仕事で行く機会があったので、地元の友人と一緒に来店しました。店内は広くゆったりとできます。,4,22,48,2024-01-01 0:00:00,2024-01-01 0:00:00
459,名古屋では有名な格安で焼肉食べ放題のお店。タイミングよく仕事で行く機会があったので、地元の友人と一緒に来店しました。店内は広くゆったりとできます。,2,11,75,2024-01-01 0:00:00,2024-01-01 0:00:00
460,名古屋では有名な格安で焼肉食べ放題のお店。タイミングよく仕事で行く機会があったので、地元の友人と一緒に来店しました。店内は広くゆったりとできます。,2,69,39,2024-01-01 0:00:00,2024-01-01 0:00:00
461,名古屋では有名な格安で焼肉食べ放題のお店。タイミングよく仕事で行く機会があったので、地元の友人と一緒に来店しました。店内は広くゆったりとできます。,4,88,80,2024-01-01 0:00:00,2024-01-01 0:00:00
462,名古屋では有名な格安で焼肉食べ放題のお店。タイミングよく仕事で行く機会があったので、地元の友人と一緒に来店しました。店内は広くゆったりとできます。,1,79,30,2024-01-01 0:00:00,2024-01-01 0:00:00
463,名古屋では有名な格安で焼肉食べ放題のお店。タイミングよく仕事で行く機会があったので、地元の友人と一緒に来店しました。店内は広くゆったりとできます。,1,69,87,2024-01-01 0:00:00,2024-01-01 0:00:00
464,名古屋では有名な格安で焼肉食べ放題のお店。タイミングよく仕事で行く機会があったので、地元の友人と一緒に来店しました。店内は広くゆったりとできます。,4,95,60,2024-01-01 0:00:00,2024-01-01 0:00:00
465,名古屋では有名な格安で焼肉食べ放題のお店。タイミングよく仕事で行く機会があったので、地元の友人と一緒に来店しました。店内は広くゆったりとできます。,4,28,83,2024-01-01 0:00:00,2024-01-01 0:00:00
466,名古屋では有名な格安で焼肉食べ放題のお店。タイミングよく仕事で行く機会があったので、地元の友人と一緒に来店しました。店内は広くゆったりとできます。,1,72,30,2024-01-01 0:00:00,2024-01-01 0:00:00
467,名古屋では有名な格安で焼肉食べ放題のお店。タイミングよく仕事で行く機会があったので、地元の友人と一緒に来店しました。店内は広くゆったりとできます。,4,10,14,2024-01-01 0:00:00,2024-01-01 0:00:00
468,名古屋では有名な格安で焼肉食べ放題のお店。タイミングよく仕事で行く機会があったので、地元の友人と一緒に来店しました。店内は広くゆったりとできます。,5,34,18,2024-01-01 0:00:00,2024-01-01 0:00:00
469,名古屋では有名な格安で焼肉食べ放題のお店。タイミングよく仕事で行く機会があったので、地元の友人と一緒に来店しました。店内は広くゆったりとできます。,1,82,80,2024-01-01 0:00:00,2024-01-01 0:00:00
470,名古屋では有名な格安で焼肉食べ放題のお店。タイミングよく仕事で行く機会があったので、地元の友人と一緒に来店しました。店内は広くゆったりとできます。,5,8,52,2024-01-01 0:00:00,2024-01-01 0:00:00
471,名古屋では有名な格安で焼肉食べ放題のお店。タイミングよく仕事で行く機会があったので、地元の友人と一緒に来店しました。店内は広くゆったりとできます。,4,74,41,2024-01-01 0:00:00,2024-01-01 0:00:00
472,名古屋では有名な格安で焼肉食べ放題のお店。タイミングよく仕事で行く機会があったので、地元の友人と一緒に来店しました。店内は広くゆったりとできます。,5,69,78,2024-01-01 0:00:00,2024-01-01 0:00:00
473,名古屋では有名な格安で焼肉食べ放題のお店。タイミングよく仕事で行く機会があったので、地元の友人と一緒に来店しました。店内は広くゆったりとできます。,2,92,32,2024-01-01 0:00:00,2024-01-01 0:00:00
474,名古屋では有名な格安で焼肉食べ放題のお店。タイミングよく仕事で行く機会があったので、地元の友人と一緒に来店しました。店内は広くゆったりとできます。,5,74,82,2024-01-01 0:00:00,2024-01-01 0:00:00
475,名古屋では有名な格安で焼肉食べ放題のお店。タイミングよく仕事で行く機会があったので、地元の友人と一緒に来店しました。店内は広くゆったりとできます。,3,55,72,2024-01-01 0:00:00,2024-01-01 0:00:00
476,名古屋では有名な格安で焼肉食べ放題のお店。タイミングよく仕事で行く機会があったので、地元の友人と一緒に来店しました。店内は広くゆったりとできます。,5,79,63,2024-01-01 0:00:00,2024-01-01 0:00:00
477,名古屋では有名な格安で焼肉食べ放題のお店。タイミングよく仕事で行く機会があったので、地元の友人と一緒に来店しました。店内は広くゆったりとできます。,3,29,11,2024-01-01 0:00:00,2024-01-01 0:00:00
478,名古屋では有名な格安で焼肉食べ放題のお店。タイミングよく仕事で行く機会があったので、地元の友人と一緒に来店しました。店内は広くゆったりとできます。,1,82,67,2024-01-01 0:00:00,2024-01-01 0:00:00
479,名古屋では有名な格安で焼肉食べ放題のお店。タイミングよく仕事で行く機会があったので、地元の友人と一緒に来店しました。店内は広くゆったりとできます。,1,50,36,2024-01-01 0:00:00,2024-01-01 0:00:00
480,名古屋では有名な格安で焼肉食べ放題のお店。タイミングよく仕事で行く機会があったので、地元の友人と一緒に来店しました。店内は広くゆったりとできます。,1,96,86,2024-01-01 0:00:00,2024-01-01 0:00:00
481,名古屋では有名な格安で焼肉食べ放題のお店。タイミングよく仕事で行く機会があったので、地元の友人と一緒に来店しました。店内は広くゆったりとできます。,1,59,98,2024-01-01 0:00:00,2024-01-01 0:00:00
482,名古屋では有名な格安で焼肉食べ放題のお店。タイミングよく仕事で行く機会があったので、地元の友人と一緒に来店しました。店内は広くゆったりとできます。,1,65,8,2024-01-01 0:00:00,2024-01-01 0:00:00
483,名古屋では有名な格安で焼肉食べ放題のお店。タイミングよく仕事で行く機会があったので、地元の友人と一緒に来店しました。店内は広くゆったりとできます。,5,8,1,2024-01-01 0:00:00,2024-01-01 0:00:00
484,名古屋では有名な格安で焼肉食べ放題のお店。タイミングよく仕事で行く機会があったので、地元の友人と一緒に来店しました。店内は広くゆったりとできます。,5,100,57,2024-01-01 0:00:00,2024-01-01 0:00:00
485,名古屋では有名な格安で焼肉食べ放題のお店。タイミングよく仕事で行く機会があったので、地元の友人と一緒に来店しました。店内は広くゆったりとできます。,1,11,58,2024-01-01 0:00:00,2024-01-01 0:00:00
486,名古屋では有名な格安で焼肉食べ放題のお店。タイミングよく仕事で行く機会があったので、地元の友人と一緒に来店しました。店内は広くゆったりとできます。,1,23,90,2024-01-01 0:00:00,2024-01-01 0:00:00
487,名古屋では有名な格安で焼肉食べ放題のお店。タイミングよく仕事で行く機会があったので、地元の友人と一緒に来店しました。店内は広くゆったりとできます。,5,91,26,2024-01-01 0:00:00,2024-01-01 0:00:00
488,名古屋では有名な格安で焼肉食べ放題のお店。タイミングよく仕事で行く機会があったので、地元の友人と一緒に来店しました。店内は広くゆったりとできます。,2,44,73,2024-01-01 0:00:00,2024-01-01 0:00:00
489,名古屋では有名な格安で焼肉食べ放題のお店。タイミングよく仕事で行く機会があったので、地元の友人と一緒に来店しました。店内は広くゆったりとできます。,5,74,78,2024-01-01 0:00:00,2024-01-01 0:00:00
490,名古屋では有名な格安で焼肉食べ放題のお店。タイミングよく仕事で行く機会があったので、地元の友人と一緒に来店しました。店内は広くゆったりとできます。,5,57,73,2024-01-01 0:00:00,2024-01-01 0:00:00
491,名古屋では有名な格安で焼肉食べ放題のお店。タイミングよく仕事で行く機会があったので、地元の友人と一緒に来店しました。店内は広くゆったりとできます。,3,80,62,2024-01-01 0:00:00,2024-01-01 0:00:00
492,名古屋では有名な格安で焼肉食べ放題のお店。タイミングよく仕事で行く機会があったので、地元の友人と一緒に来店しました。店内は広くゆったりとできます。,3,9,25,2024-01-01 0:00:00,2024-01-01 0:00:00
493,名古屋では有名な格安で焼肉食べ放題のお店。タイミングよく仕事で行く機会があったので、地元の友人と一緒に来店しました。店内は広くゆったりとできます。,1,34,84,2024-01-01 0:00:00,2024-01-01 0:00:00
494,名古屋では有名な格安で焼肉食べ放題のお店。タイミングよく仕事で行く機会があったので、地元の友人と一緒に来店しました。店内は広くゆったりとできます。,1,55,24,2024-01-01 0:00:00,2024-01-01 0:00:00
495,名古屋では有名な格安で焼肉食べ放題のお店。タイミングよく仕事で行く機会があったので、地元の友人と一緒に来店しました。店内は広くゆったりとできます。,2,55,60,2024-01-01 0:00:00,2024-01-01 0:00:00
496,名古屋では有名な格安で焼肉食べ放題のお店。タイミングよく仕事で行く機会があったので、地元の友人と一緒に来店しました。店内は広くゆったりとできます。,3,98,45,2024-01-01 0:00:00,2024-01-01 0:00:00
497,名古屋では有名な格安で焼肉食べ放題のお店。タイミングよく仕事で行く機会があったので、地元の友人と一緒に来店しました。店内は広くゆったりとできます。,1,15,27,2024-01-01 0:00:00,2024-01-01 0:00:00
498,名古屋では有名な格安で焼肉食べ放題のお店。タイミングよく仕事で行く機会があったので、地元の友人と一緒に来店しました。店内は広くゆったりとできます。,4,20,5,2024-01-01 0:00:00,2024-01-01 0:00:00
499,名古屋では有名な格安で焼肉食べ放題のお店。タイミングよく仕事で行く機会があったので、地元の友人と一緒に来店しました。店内は広くゆったりとできます。,3,74,52,2024-01-01 0:00:00,2024-01-01 0:00:00
500,名古屋では有名な格安で焼肉食べ放題のお店。タイミングよく仕事で行く機会があったので、地元の友人と一緒に来店しました。店内は広くゆったりとできます。,1,76,36,2024-01-01 0:00:00,2024-01-01 0:00:00
